word,tag
-,:
Lobster,NN
Roll,NN
:,:
Still,RB
one,CD
of,IN
my,PRP$
favourite,JJ
lobster,NN
roll,NN
places,NNS
",",","
and,CC
it,PRP
‚Äô,NNP
s,VBD
still,RB
yummy,VBN
like,IN
how,WRB
I,PRP
remembered,VBD
to,TO
be,VB
.,.
Huge,JJ
chunks,NNS
love,VBP
the,DT
bun,NN
The,DT
curly,JJ
fries,NNS
salad,VBP
on,IN
side,NN
were,VBD
good,JJ
too,RB
‚Ä¶,JJ
(,(
Translated,VBN
by,IN
Google,NNP
),)
Good,NNP
hamburgers,NNS
delicious,JJ
pale,JJ
ale,JJ
great,JJ
cocktails,NNS
Original,NNP
A,NNP
place,NN
celebrate,NN
for,IN
event,NN
celebration,NN
Food,NNP
service,NN
Value,NNP
money,NN
ÁµïÂ∞çÊòØÊñ∞Âä†Âù°ÊúÄÂ•ΩÁöÑÊ≥ïÈ§ê,NN
!,.
ÂÆåÂÖ®Ê¥óÂà∑Êéâ‰πãÂâçÂú®Âè∞ÁÅ£ÂêÉÂÖ∂ÂÆ¢Â∫ßÁöÑÂπ≥Â∫∏Âç∞Ë±°,JJ
ÊûúÁÑ∂‰∏ªÂ†¥ÊâçÊòØÊúÄÂ•ΩÁôºÊèÆ‰∏ªÂªöÂÖâËäíÁöÑÂú∞Êñπ,NNP
Great,NNP
food,NN
&,CC
atmosphere,NN
Funny,NNP
chefs,NNS
staffs,NNS
that,IN
interacting,VBG
well,RB
with,IN
patrons,NNS
Can,MD
see,VB
passions,NNS
in,IN
their,PRP$
eyes,NNS
have,VBP
been,VBN
Hashida,NNP
Singapore,NNP
a,DT
couple,JJ
times,NNS
now,RB
am,VBP
so,RB
happy,JJ
discovered,VBN
this,DT
is,VBZ
authentic,JJ
staff,NN
are,VBP
very,RB
welcoming,VBG
One,CD
most,JJS
wonderful,JJ
lunch,NN
experiences,VBZ
We,PRP
had,VBD
5,CD
course,NN
meal,NN
few,JJ
glasses,NNS
wine,VBP
understand,JJ
why,WRB
was,VBD
hard,RB
make,JJ
reservation,NN
Only,RB
tried,VBD
burgers,NNS
but,CC
they,PRP
absolutely,RB
top,JJ
notch,NN
worth,NN
visits,NNS
crinkled,VBD
excellent,JJ
albeit,IN
wish,JJ
portion,NN
bit,NN
larger,JJR
fast,RB
Started,VBN
at,IN
high,JJ
finished,VBN
weird,JJ
cold,JJ
starters,NNS
pizza,VBP
short,JJ
ribs,NN
melts,NNS
your,PRP$
mouth,NN
lacks,NNS
flavor,VBP
cod,JJ
way,NN
salty,NN
taste,NN
desert,NN
just,RB
tasting,VBG
Steaks,NNP
Cocktails,NNP
dessert,NN
superb,NN
Beautiful,NNP
restaurant,NN
lovely,RB
ambiance,NN
from,IN
Evelyn,NNP
Amber,NNP
throughout,IN
Will,NNP
definitely,RB
back,RB
Its,PRP$
every,DT
reason,NN
got,VBD
promoted,VBN
recently,RB
ambience,RB
serviced,VBD
an,DT
awesome,JJ
team,NN
which,WDT
explained,VBD
dish,NN
Would,NNP
go,VB
again,RB
Hi,NNP
Mr,NNP
Jiro,NNP
Ono,NNP
what,WP
keeps,VBZ
you,PRP
up,RP
night,NN
?,.
Hashida‚Ä¶,NNP
Literally,NNP
best,JJS
ve,NN
ever,RB
Dishes,NNP
bursting,VBG
different,JJ
flavours,NNS
harmoniously,RB
Even,RB
Very,RB
impressive,JJ
defo,NN
return,NN
menu,NN
So,NNP
impressed,JJ
Nomads,NNP
placed,VBD
takeaway,RP
order,NN
beef,NN
rib,NN
sandwich,NN
wowed,VBD
meet,JJ
tender,NN
barely,RB
chew,JJ
yogurt,NN
sauce,VBP
generous,JJ
full,JJ
Amazing,NNP
experience,NN
Art,NNP
All,NNP
rounded,VBD
expertise,RB
thoughtful,JJ
impeccable,JJ
execution,NN
dishes,NNS
knowledgeable,JJ
And,CC
kudos,JJ
Alvin,NNP
who,WP
took,VBD
us,PRP
through,IN
each,DT
not,RB
recommend,VB
enough,RB
Delicious,NNP
start,VBP
finish,JJ
bisque,NN
blue,JJ
cheese,JJ
wagyu,NN
burger,NN
fish,JJ
chips,NNS
brownie,IN
all,DT
downsides,NNS
mains,NNS
quite,RB
small,JJ
price,NN
point,NN
beer,NN
selection,NN
limited,VBD
Fantastic,NNP
world,NN
8th,CD
has,VBZ
long,JJ
time,NN
customer,NN
friend,NN
atomi,VBZ
glad,VBZ
him,PRP
doing,VBG
evolution,NN
Sushi,NNP
since,IN
his,PRP$
initial,JJ
days,NNS
2nd,CD
floor,NN
Mandarin,NNP
Gallery,NNP
new,JJ
till,NN
joy,JJ
part,NN
journey,NN
Andrew,NNP
Tan,NNP
Sara,NNP
thank,VBD
support,NN
leaving,VBG
delightfully,RB
detailed,VBN
review,NN
re,NN
hear,VBP
enjoyed,VBN
Short,NNP
Rib,NNP
Sandwich,NNP
down,IN
last,JJ
loved,JJ
our,PRP$
desserts,NNS
as,IN
It,PRP
pleasure,VBZ
conversing,VBG
we,PRP
look,VBP
forward,RB
future,JJ
My,NNP
favorite,JJ
Start,NNP
Get,NNP
ask,JJ
Yakuza,NNP
anymore,RB
Thank,NNP
much,JJ
such,JJ
glowing,VBG
Chris,NNP
truly,RB
touched,VBD
kind,NN
words,NNS
will,MD
do,VB
keep,VB
delivering,NN
also,RB
strive,JJ
surpass,NN
Looking,VBG
hosting,VBG
soon,RB
-Team,NNP
Ibid,NNP
No,NNP
big,JJ
surprises,NNS
satisfactory,JJ
little,JJ
sushi,JJ
Burger,NNP
ok,MD
fantastic,JJ
Place,NNP
extremely,RB
hot,JJ
even,RB
though,IN
there,EX
room,NN
temperature,NN
32,CD
degrees,NNS
25,CD
Celebrated,NNP
wifes,NN
birthday,NN
resturant,JJ
ibid,NN
Chef,NNP
Woo,NNP
certainly,RB
did,VBD
disappoint,VB
creative,JJ
take,VB
chinese,JJ
cuisines,NNS
making,VBG
memorable,JJ
wife,NN
visit,NN
Excellent,NNP
services,NNS
Exceptional,NNP
two,CD
hours,NNS
exceptionally,RB
nicely,RB
prepared,JJ
presented,VBD
friendly,JJ
attentive,JJ
Must,NNP
try,VB
if,IN
opportunity,NN
surprise,VBP
cake,NN
macaroons,NNS
card,VBP
wedding,VBG
anniversary,JJ
Appreciate,NNP
come,NN
here,RB
mainly,RB
drinks,VBZ
Big,NNP
Jon,NNP
unforgettable,JJ
hospitality,NN
own,JJ
rights,NNS
when,WRB
ordered,VBD
serving,VBG
bread,NN
bone,NN
marrow,NN
dips,NNS
mind,VBP
blown,RP
What,WP
amazing,VBG
Superb,NNP
Not,RB
forgetting,VBG
burst,JJ
flavors,NNS
fresh,JJ
produce,VBP
perfectly,RB
paired,VBN
wines,NNS
curated,VBD
Glen,NNP
Harris,NNP
consumate,VBP
professional,JJ
warm,NN
He,PRP
made,VBD
enjoyable,JJ
Rovik,NNP
Wed,NNP
pamper,IN
further,JJ
Omakase-style,JJ
menus,NN
sometime,RB
Just,NNP
say,VBP
word,NN
happen,VB
view,NN
JW,NNP
Marriott,NNP
currently,RB
closed,VBD
operating,VBG
quarantine,NN
hotel,NN
Nice,NNP
nice,RB
comfortable,JJ
guest,JJS
14,CD
heads,NNS
actually,RB
opened,VBN
public,JJ
Wonderful,NNP
Lovely,RB
better,RBR
Ive,NNP
soft,JJ
toasted,VBD
meat,NN
thick,NN
flavorful,JJ
Pork,NNP
slab,NN
beyond,IN
...,:
Teranoid,NNP
pumped,VBD
both,DT
Restaurant,NNP
Were,NNP
working,VBG
change,NN
some,DT
Till,NNP
then,RB
stay,VB
safe,JJ
pleasant,NN
Every,NNP
balanced,VBD
refined,VBN
Little,NNP
details,NNS
use,VBP
Gin,NNP
pepper,NN
caramelized,VBD
signature,NN
Monkfish,NNP
liver,RB
demonstrated,VBD
effort,NN
bring,NN
Absolutely,RB
dining,VBG
‚Äî,PRP
beautiful,JJ
interiors,NNS
visually,RB
stunning,VBG
This,DT
second,JJ
m,NN
away,RB
Definitely,NNP
Diner,NNP
date,NN
8,CD
October,NNP
2021,CD
1pm,CD
popped,VBD
errands,NNS
oh,JJ
boy,JJ
Wife,NNP
no.1,MD
no.2,VB
touch,JJ
2,CD
servicing,NN
sizes,NNS
;,:
smaller,JJR
size,NN
discerning,NN
Had,NNP
outlet,NN
Jk,NNP
Yus,NNP
Tasty,NNP
especially,RB
recommended,VBD
Our,PRP$
unique,JJ
city,NN
known,VBN
its,PRP$
gastronomy,JJ
Second,JJ
never,RB
fails,VBZ
Leong,NNP
kindly,RB
provided,VBD
home,NN
baguette,NN
croissant,JJ
consumption,NN
next,JJ
day,NN
he,PRP
bespoke,VBD
expressed,VBN
Splendid,NNP
ingredients,NNS
affordable,JJ
can,MD
tasty,VB
sides,NNS
onion,JJ
rings,NNS
dope,VBP
First,NNP
$,$
130,CD
omakase,NN
Enjoy,NNP
Fresh,NNP
seafood,NN
watching,VBG
chef,NN
preparing,VBG
other,JJ
dine,NN
CUT,NNP
media,NNS
really,RB
amazed,JJ
exclusive,JJ
preview,NN
Kagoshima,NNP
any,DT
steak,JJ
connoisseur,NN
could,MD
cut,VB
mouth-watering,JJ
core,NN
Love,NNP
sliders,NNS
Wasabi,NNP
Potato,NNP
puree,VBP
anyone,NN
visiting,NN
Have,NNP
thrice,NN
havent,NN
go-to,JJ
Fish,NNP
Chips,NNP
flaky,NN
smashed,VBD
potato,JJ
rib-eye,JJ
par,NN
Desiree,NNP
compliments,NNS
delighted,VBD
distinctive,JJ
culinary,JJ
Lives,NNS
Michelin,NNP
star,VBD
more,JJR
thought,JJ
creativity,NN
put,VBD
into,IN
üëè,NNP
Served,NNP
gave,VBD
recommendations,NNS
pleased,VBD
As,IN
always,RB
overall,JJ
below,IN
expectation,NN
michelin,NN
starred,VBD
4,CD
misses,NNS
reception,NN
wasnt,VBP
able,JJ
check,NN
vaccination,NN
status,NN
citing,VBG
faulty,NN
device,NN
If,IN
sure,JJ
diners,NNS
turned,VBD
out,RP
requiring,VBG
Adventurous,JJ
flavour,JJ
combinations,NNS
unpretentious,JJ
vibes,NNS
They,PRP
man,NN
worked,VBD
deliver,JJ
dinner,NN
constant,JJ
flow,NN
banter,NN
deserving,VBG
3,CD
stars,NNS
Felt,NNP
rich,JJ
eating,VBG
reminds,NNS
LA,NNP
only,RB
thing,NN
missing,VBG
perfect,JJ
weather,NN
char,NN
patty,NN
done,VBN
special,JJ
celebratory,NN
arrangements,NNS
Central,NNP
Asia,NNP
17,CD
probably,RB
need,VBP
skip,NNS
breakfast,NN
before,IN
Jaan,NNP
Kirk,NNP
Westaway,NNP
requested,VBD
window,RBR
table,JJ
manage,NN
get,NN
corner,NN
Awesome,NNP
Steak,NNP
right,NN
or,CC
than,IN
famous,JJ
restaurants,NNS
soup,NN
Came,NNP
discount,NN
Interesting,NNP
available,JJ
Patty,NNP
seared,VBD
crispy,JJ
crust,NN
Overall,NNP
would,MD
maybe,RB
Fabulous,NNP
occasion,NN
Patatas,NNP
Bravad,NNP
100,CD
%,NN
required,VBN
steaks,JJ
Staff,NNP
extra,JJ
fault,NN
Sourav,NNP
Odyssey,NNP
Fire,NNP
powered,VBD
whole,JJ
esoteric,JJ
gets,VBZ
fishes,NNS
Japan,NNP
SG,NNP
You,PRP
same,JJ
anywhere,RB
else,RB
interior,RB
Loved,VBN
where,WRB
liked,VBN
single,JJ
Some,DT
add,VBP
odd,JJ
twist,JJ
things,NNS
fancy,JJ
simple,JJ
expect,VBP
first,JJ
everything,NN
expected,VBN
location,NN
itself,PRP
National,NNP
gives,VBZ
air,NN
class,NN
decor,NN
splendid,VBD
feel,VB
nothing,NN
shone,NN
average,NN
reliant,JJ
Japanese,JJ
lack,NN
focus,VBP
quality,NN
Adrian,JJ
action,NN
packed,VBD
stoked,JJ
parts,NNS
about,IN
months,NNS
meals,NNS
far,RB
Sato-san,JJ
delight,JJ
particularly,RB
To,TO
fair,VB
lucky,JJ
house,NN
Attentive,NNP
chill,NN
casual,JJ
oysters,NNS
mussels,NNS
Wanted,VBD
somehow,RB
underwhelming,JJ
hoping,VBG
off,RP
twister,NN
over,IN
fried,JJ
left,JJ
bad,JJ
greasy,NN
Stunning,NNP
brilliant,NN
thats,NNS
pretentious,JJ
stuffy,JJ
Each,DT
takes,VBZ
elevates,VBZ
them,PRP
ways,NNS
unimaginable,JJ
deserve,NN
Asian,NNP
Mind,NNP
blowing,NN
business,NN
Went,NNP
multiple,JJ
family,NN
friends,NNS
colleagues,NNS
Never,NNP
impress,VBP
1,CD
executive,NN
set,VBN
potion,NN
joke,NN
bite,NN
main,JJ
appetiser,NN
fishy,NN
beaf,NN
served,VBD
half,NN
possibly,RB
number,NN
Meat,NNP
juicy,NN
seasoned,VBD
veggies,NNS
neatly,RB
OUTSIDE,NNP
celebrated,VBD
10th,CD
hosted,VBN
Angie,NNP
Kim,NNP
me,PRP
Maryland,NNP
crab,NN
basil,NN
aioli,NN
provides,VBZ
acidity,NN
setting,VBG
While,IN
true,JJ
aim,NN
#,#
reinventingbritish,JJ
felt,VBD
stale,JJ
direct,JJ
comparison,NN
pairing,VBG
incredible,JJ
note,NN
2005,CD
Etna,NNP
Bianco,NNP
Arcuria,NNP
steamed,VBD
scallop,JJ
Calm,NNP
peaceful,NN
Italian,JJ
cuisine,NN
Wondering,VBG
7,CD
courses,NNS
Recommend,NNP
Athina,NNP
guests,VBZ
Akira,NNP
Back,NNP
Omakase,NNP
varying,VBG
tastes,NNS
textures,NNS
rice,VBP
deserves,NNS
mention,VBP
fluffy,JJ
sticky,JJ
coming,VBG
fun,NN
group,NN
quasi,JJ
private,JJ
Hope,NNP
tennis,NN
following,VBG
Menu,NNP
should,MD
changing,VBG
slightly,RB
boyfriend,VBP
chosen,VBN
Odette,NNP
wonderfully,RB
planned,VBD
degustation,NN
light,NN
taking,VBG
palate,JJ
heights,NNS
after,IN
issue,NN
cramp,NN
loud,JJ
everyone,NN
starts,VBZ
talking,VBG
three,CD
rooms,NNS
does,VBZ
guarantee,JJ
seat,NN
Kenjiro,NNP
serviceüëçWould,MD
think,VB
ART,NNP
Regardless,NNP
talented,VBD
dietary,JJ
restrictions,NNS
Incredible,JJ
highly,RB
Mapo,NNP
tofu,NN
soooooo,NN
positive,JJ
Trail,NNP
Ablaze,NNP
intricate,VB
well-executed,JJ
items,NNS
beshbarmak,IN
tongue,NN
server/manager,NN
because,IN
foods,NNS
modern,JJ
Desserts,NNP
Ryan,NNP
Kay,NNP
super,VBZ
periodically,RB
Impeccable,JJ
Sarah,NNP
host,NN
Beshbarmak,NNP
Kazakhstan,NNP
national,JJ
version,NN
local,JJ
bak,NN
kut,NN
teh,IN
broth,DT
Your,NNP
welcome,NN
Chefs,NNP
curate,NN
according,VBG
requirements,NNS
appreciate,JJ
feedback,NN
passed,VBD
message,NN
onto,IN
supporting,VBG
Honestly,NNP
February,NNP
sister,NN
parents,NNS
expression,NN
‚Äú,NNP
Wow,NNP
‚Äù,NNP
understatement,JJ
purist,NN
sashimi,NN
freshest,JJS
unaltered,JJ
Hatch,NNP
shared,VBD
conceptualized,VBN
deco,NN
efforts,NNS
fabricate,VBP
ceiling,NN
must,MD
week,NN
Also,RB
mapo,VBD
saying,VBG
goodbye,NN
See,NNP
milkshakes,NNS
But,CC
Ill,NNP
weekday,VBP
promo,JJ
deal,NN
vouchers,NNS
offered,VBD
Chope,NNP
Decided,NNP
Cut,NNP
although,IN
while,IN
want,JJ
mentioned,VBD
address,NN
name,NN
Quality,NNP
Ambience,NNP
Price,NNP
Last,JJ
these,DT
rare,JJ
dinners,NNS
no,DT
choice,NN
definition,NN
gluttony,NN
ü§™,NNP
interesting,JJ
compositions,NNS
22,CD
tad,NNS
risotto,VBP
cheek,JJ
sensational,JJ
Pretty,NNP
presentation,NN
rendered,VBD
hour,NN
Really,NNP
paid,VBD
68sgd,CD
four,CD
weekend,NN
Stumbled,VBD
upon,JJ
Market,NNP
Grill,NNP
looking,VBG
near,IN
office,NN
Im,NNP
Perfect,NNP
JK,NNP
care,NN
during,IN
polite,JJ
üëç,CD
Top,NNP
phenomenal,NN
accommodating,VBG
lockdown,JJ
Chinese,NNP
New,NNP
Year,NNP
Always,NNP
outstanding,JJ
Yummy,NNP
standard,NN
Highly,NNP
Awww,NNP
went,VBD
conclude,NN
treated,VBN
lot,NN
goodies,NNS
appreciated,VBD
118++,CD
today,NN
bites,NNS
crew,VBD
displayed,JJ
towards,NNS
requirement,NN
Appreciated,NNP
head,NN
Peter,NNP
leave,VBP
Plov,NNP
Wagyu,NNP
favourites,VBZ
valuable,JJ
relayed,JJ
consideration,NN
forwarding,VBG
ago,RB
7-course,CD
reccomended,VBD
Drink,NNP
town,NN
10/10,CD
Burgers,NNPS
Enjoyed,NNP
brioches,NNS
buns,VBP
cheap,JJ
bottles,NNS
obviously,RB
didnt,VBP
let,VB
Right,NNP
until,IN
stepped,VBD
element,JJ
innovative,NN
without,IN
falling,VBG
molecular,JJ
adapted,VBN
pretty,RB
There,EX
space,NN
between,IN
tables,NNS
easy,JJ
conversation,NN
within,IN
party,NN
pity,NN
unavailable,JJ
However,RB
daily,JJ
specials,NNS
blows,VBZ
explanation,NN
putting,VBG
homely,RB
environment,NN
Certainly,RB
close,RB
end,JJ
Left,NNP
satisfied,VBD
Bagus,NNP
Dinner,NNP
flight,NN
Promised,VBD
booking,NN
assigned,VBN
middle,RB
surrounded,VBN
Next,NNP
server,NN
dropped,VBD
butter,JJR
tray,NN
shockingly,RB
proceeded,VBD
serve,NN
Urvashi,NNP
across,IN
Silk,NNP
Road,NNP
highlighted,VBD
Beef,NNP
Smoked,NNP
Herring,NNP
filo,JJ
tart,NN
Nomadic,NNP
specially,RB
crafted,VBD
pair,JJ
Thanks,NNP
recommending,VBG
Kri,NNP
ww1,NN
scrambled,VBD
eggs,JJ
sausage,NN
mushy,NN
supposed,VBD
Hash,NNP
brown,IN
potato-ey,JJ
waffles,NNS
meh,NNS
outside,IN
When,WRB
learnt,JJ
sceptical,JJ
European,JJ
fine,NN
French,JJ
Spanish,JJ
blew,NN
Daniele,NNP
brought,VBD
together,RB
cultures,NNS
base,VBP
Service,NNP
delightful,JJ
traditional,JJ
***king,VBG
Theyre,NNP
booked,VBD
6-8,JJ
weeks,NNS
plan,NN
ahead,RB
An,DT
solid,JJ
Devoured,NNP
Friendly,NNP
yet,RB
chicken,VBP
wings,NNS
milk,NN
shake,VBP
doneness,NN
juicier,NN
honest,JJS
variety,NN
freshness,NN
Alisa,NNP
energetic,JJ
connection,NN
British,NNP
For,IN
however,RB
improved,VBN
being,VBG
hubby,JJ
n,NN
Marys,NNP
her,PRP$
b,NN
Art.The,NNP
beautifully,RB
matched.Like,VBZ
artistically,RB
added,VBN
WILL,NNP
DEFINITELY,NNP
BE,NNP
BACK,NNP
FOR,NNP
MORE,NNP
Star,NNP
helmed,VBD
Julien,NNP
needs,NNS
introduction,NN
sip,NN
Uni,NNP
Caviar,NNP
opt,MD
indulgence,VB
Bon,NNP
appetit,NN
Took,NNP
chope,NN
large,JJ
filling,VBG
marvellous,JJ
Pallavi,NNP
taken,VBN
tastebuds,JJ
infinity,NN
Slightly,RB
overpriced,VBD
oily,RB
smell,JJ
Angus,NNP
entrusting,VBG
privilege,NN
help,NN
commemorate,VB
occasions,NNS
upcoming,VBG
projects,NNS
1.5,CD
transported,JJ
Boston,NNP
moment,NN
busy,JJ
Tradition,NNP
build,NN
may,MD
bound,VB
propel,VB
san,JJ
pushes,NNS
boundaries,NNS
sacred,VBD
establish,VB
mastery,NN
humility,NN
lotsa,VBP
humor,NN
Congratulations,NNP
once,RB
cocktail,JJ
list,NN
extensive,JJ
Anyone,NNP
tells,VBZ
otherwise,RB
kill,JJ
challenge,NN
buds,NNS
orgasm,VBP
something,NN
stick,NN
around,RP
PERMANENTLY,NNP
Favourite,NNP
ambient,JJ
5-course,JJ
Executive,NNP
Lunch,NNP
Sunday,NNP
pricing,VBG
relatively,RB
reasonable,JJ
informative,JJ
entire,JJ
session,NN
entertaining,NN
sublime,JJ
``,``
Number,NNP
Three,NNP
'',''
brioche,NN
touching,VBG
adds,VBZ
delectable,JJ
texture,NN
complain,NN
trying,VBG
find,VB
..,JJ
Is,NNP
complaint,NN
senses,NNS
don,VBP
t,JJ
48++,CD
wished,JJ
waiter,NN
Mary,NNP
Australian,NNP
ribeye,NN
Paired,NNP
Exceed,NNP
Unique,NNP
penny,NN
Cant,NNP
wait,NN
Tian,NNP
killer,NNP
hope,VBP
Yes,NNP
Thats,NNP
past,IN
art,NN
shown,VBN
Make,NNP
decorations,NNS
twice,RB
JAAN,NNP
enter,NN
recommendation,NN
üçæüçæüçæüçÄüçÄüçÄüíêüíêüíê‚ù§Ô∏è‚ù§Ô∏è‚ù§Ô∏è,NNP
waitstaff,NN
pigeon,NN
exquisitely,RB
impression,JJ
queue,NN
Around,IN
30,CD
mins,NNS
waiting,VBG
730,CD
pm,NN
accept,NN
venue,NN
gathering,VBG
Black,NNP
miso,NN
prawn,NN
tempura,NN
Tuna,NNP
Mushroom,NNP
surprisingly,RB
expectations‚Ä¶,VBZ
4-course,JJ
Youll,NNP
amuse-bouche,NN
downside,NN
charge,NN
water,NN
Thoroughly,NNP
combination,NN
familiar,JJ
pick,JJ
duck,NN
cooked,VBD
Look,NNP
Cosy,NNP
balcony,NN
overlooking,VBG
Padang,NNP
MBS,NNP
dusk,NN
evening,VBG
detail,NN
description,NN
plus,CC
ist,JJ
Larissa,NNP
humbled,VBD
named,VBN
having,VBG
loving,VBG
ubiquitous,JJ
roast,NN
going,VBG
tweaking,VBG
Do,NNP
know,VB
reservations,NNS
prepare,VB
1st,CD
31st,CD
July,NNP
sauces,NNS
used,VBD
elevated,JJ
allowing,VBG
savour,JJ
Dessert,NNP
sweet,NN
exactly,RB
year,NN
later,RB
Pleased,VBD
question,NN
consistency,NN
remains,VBZ
personable,JJ
genuine,JJ
Special,NNP
shout,NN
Philip,NNP
Steven,NNP
addition,NN
Amoy,NNP
His,PRP$
nicest,JJS
Worth,JJ
Best,NNP
meats,NNS
clever,VBP
music,NN
Eye,NNP
watering,NN
prices,NNS
Brought,NNP
mother,NN
thoroughly,RB
Flavours,NNP
Although,IN
fan,NN
Chinese/,NNP
Waileongs,NNP
smart,JJ
squid,NN
ambience..,VBP
Different,NNP
japanese,JJ
experience..,VBP
Innovative,JJ
fusion,NN
Russian,NNP
young,JJ
accompanied,VBD
Reserved,NNP
online,NN
Called,VBN
confirm,NN
Paid,NNP
deposit,NN
Follow,NNP
email..,NN
important,JJ
i,NN
wanted,VBD
goes,VBZ
wrong,JJ
excellently,RB
medium,VBP
lettuce,VB
yourself,PRP
crunchiness,JJ
Theres,VBZ
craft-your-own,JJ
allows,NNS
enchanting,VBG
led,VBD
another,DT
organisation,NN
cogent,NN
thought-out,NN
partner,NN
66,CD
market,NN
Rangers,NNP
Valley,NNP
Tritip,NNP
200gm,CD
47,CD
done-ness,JJ
Wait,NNP
30min,CD
Reservations,NNP
~1900-ish,JJ
member,NN
looks,VBZ
closely,RB
customers,NNS
On,IN
noticed,JJ
stomach,NN
suggested,VBD
break,JJ
properly,RB
Cozy,NNP
attention,NN
üòäüòãüòÅ,NNP
seasoning,VBG
Beruthiel,NNP
pass,NN
along,IN
secret,JJ
Kaf√©,NNP
Samsa,NNP
caf√©,NN
front,NN
sometimes,RB
bar,NN
takeovers,NNS
Plenty,NNP
weve,VBP
sat,JJ
Maggie,NNP
sommelier,NN
Chua,NNP
manger,NN
whos,VBD
9,CD
bringing,VBG
mom,NN
enjoy,NN
introduce,VBP
importantly,RB
cooking,VBG
came,VBD
opted,VBN
Degustation,NNP
roughly,RB
1/2,CD
Marina,NNP
Bay,NNP
starters..but,NN
less,JJR
salt,JJ
broccoli,NN
unusual,JJ
nicer,NN
chain,NN
aare,NN
sliced,VBD
onions,NNS
major,JJ
letdown-,JJ
buttered,VBN
wasn,JJ
thigh,NN
stated,VBD
lacking,VBG
terms,NNS
value,NN
Hokkaido,NNP
Given,NNP
hype,VBD
reviews,NNS
sadly,RB
hit,VBD
miss,JJ
Biggest,NNP
disappointment,NN
establishment,NN
fact,NN
pour,VBP
myself,PRP
refill,VB
girlfriend,JJ
life,NN
given,VBN
settings,NNS
revisit,VBP
Kudos,NNP
Dear,NNP
Mr.,NNP
Ren,NNP
sorry,JJ
expectations,NNS
Please,NNP
reach,VB
book,NN
@,NNP
artrestaurant.sg,RB
follow,VBP
matter,NN
Regards,NNS
Plating,VBG
clean,JJ
Sharing,NNP
churned,VBD
re-opened,JJ
Mondays,NNP
Saturdays,NNP
forwards,NNS
decision,NN
eye-pleasing,JJ
theaterical,JJ
creation,NN
tasted,VBD
perfection,NN
Thee,NNP
smooth,CC
tough,JJ
tendons,NNS
Kids,NNP
poor,JJ
Basic,NNP
stuff,NN
laid,VBD
rude,JJ
45,CD
sitting,VBG
among,IN
Visited,VBN
gentlemen,NNS
tucked,VBD
South,NNP
Beach,NNP
famed,VBD
Michelin-starred,NNP
built,JJ
reputation,NN
US,NNP
Part,NNP
Bonvoy,NNP
program,NN
earn,NN
points,NNS
remaining,VBG
stuck,JJ
Felix,NNP
sincerely,RB
assured,VBD
measures,NNS
ensure,VB
similar,JJ
incidents,NNS
reached,VBD
privately,RB
allow,JJ
Yours,NNP
food..,NN
w,NN
wine/cocktails,VBZ
touches,NNS
personally,RB
reatined,VBD
concentration,NN
ODETTE,NNP
HOME,NNP
wouldnt,NN
anything,NN
3*,CD
delivery,NN
comes,VBZ
heating,VBG
instructions,NNS
precise,RB
Well,NNP
Done,NNP
Strongly,NNP
Bought,NNP
milkshake,NN
Kris+,NNP
makes,VBZ
options,NNS
okay,IN
guess,JJ
nearly,RB
1.2k,CD
Intricate,NNP
complex,JJ
white,JJ
asparagus,NN
tartare,NN
cakes,NNS
JT,NNP
inspired,VBD
reinvent,JJ
sense,NN
infusing,VBG
essences,NNS
hence,NN
traditions,NNS
witness,VBP
takeover,NN
happening,VBG
rotating,VBG
weekly,JJ
month,NN
March,NNP
Located,NNP
panoramic,JJ
expresses,NNS
memories,NNS
Italy,NNP
Tofu,NNP
tea,NN
damn,NN
Compliment,NNP
staf,NN
trained,VBD
communicate,JJ
hassle,NNS
person,NN
Trendy,NNP
eat,NN
After,IN
steakhouse,NN
parking,VBG
Buy,NNP
cheeseburger,NN
üçî,NN
Blackmore,NNP
goooood,NN
T,NNP
rating,NN
Gina,NNP
Talented,NNP
Bake,NNP
Box,NNP
justify,VB
warmth,NN
Such,JJ
üíØ,JJ
‚ù§,NNP
/,NNP
creatively,RB
varied,VBD
cosy,JJ
gather,NN
waitress,NN
dose,VB
she,PRP
queen,JJ
England,NNP
She,PRP
audacity,VBD
curse,JJ
insignificant,JJ
mistake,NN
Ms,NNP
Valerie,NNP
witnessed,VBD
negative,JJ
incident,NN
standing,VBG
one-star,JJ
share,NN
Didnt,NNP
garlic,NN
Rest,NNP
willing,JJ
asking,VBG
Michael,NNP
passionate,NN
serves,NNS
smile,JJ
heard,CD
years,NNS
Andre,NNP
Chiang,NNP
visited,VBD
latter,JJ
showcases,NNS
Michelle,NNP
yes,RB
cos,VBD
feed,JJ
4-6,JJ
people,NNS
deserved,VBD
wouldn,JJ
splurging,VBG
breads,NNS
fill,JJ
pace,NN
huge,JJ
Recommended,NNP
appetite,NN
Without,IN
doubt,NN
Phenomenal,NNP
dent,NN
pocket,NN
ll,NN
grilled,VBD
king,VBG
duper,IN
melt-in-your-mouth,JJ
exceed,NN
flan,NN
silky,JJ
savoury,NN
pudding,VBG
eaten,JJ
buttery,NN
A4,NNP
wouldve,NN
rated,VBD
3.5,CD
theres,NNS
option,NN
asian,JJ
thus,RB
arent,JJ
6th,CD
AB,NNP
Pizza,NNP
Ribeye,NNP
Campari,NNP
Blood,NNP
Orange,NNP
sorbet,VBD
level,JJ
tartness,NN
Mathan,NNP
Jeremy,NNP
extend,VBP
sincere,JJ
apologies,NNS
pay,VBP
strict,JJ
allergies,NNS
recent,JJ
exception,NN
Providing,VBG
seamless,JJ
patronage,NN
chance,NN
provide,NN
manager,NN
Indeed,RB
remember,VB
Everything,NNP
OK,NNP
started,VBD
strange,JJ
pint,NN
asked,VBD
whether,IN
200ml,CD
500ml,CD
technically,RB
neither,CC
nevermind,JJ
snack,NN
essentially,RB
slice,RB
disappointed,JJ
souffl√©,NN
Apple,NNP
crumble,JJ
reserved,VBD
spacious,JJ
cushioned,JJ
Maine,NNP
undercooked,VBD
almost,RB
Greeted,VBN
enthusiasm,NN
Was,NNP
bombastic,JJ
character,NN
threw,VBD
fork,NN
scolding,VBG
Despite,IN
6-course,JJ
listed,VBN
inside,IN
free-flow,JJ
sourdough,JJ
Ribena,NNP
petit,NN
celebrating,VBG
Simply,NNP
gastronomic,JJ
adventure,NN
wonder,VBP
courteous,JJ
explaining,VBG
hamburger,NN
Both,DT
10,CD
Don,NNP
worry,VBP
won,VBD
LOT,NNP
OF,NNP
complementary,JJ
satisfying,VBG
vastly,RB
double,RB
compared,VBN
steakhouses,NNS
York,NNP
Crab,NNP
Boaton,NNP
Wines,NNP
massively,RB
unless,IN
limitless,JJ
resources,NNS
Bread,NNP
tasty..,VBP
Garlic,NNP
Chicken,NNP
With,IN
bottom,JJ
Sashimi,NNP
sake,NN
üç∂,NNP
Personal,NNP
favorites,VBZ
tuna,JJ
mushroom,NN
eggplant,NN
come..,NN
husband,NN
views,NNS
dined,VBN
emails,JJ
questions,NNS
Ridiculously,RB
lasted,VBD
reasonably,RB
priced,VBN
Filling,NNP
fairly,RB
Wouldnt,NNP
Anniversary,NNP
seats,NNS
watch,VBP
prep,NN
Atmosphere,NNP
Clean,NNP
Posh,NNP
Chill,NNP
sunlight,VBD
Server,NNP
said,VBD
Servers,NNPS
suits,NNS
Decent,NNP
bbq,NN
chocolate,NN
THE,NNP
bomb,NN
complemented,VBD
tacos,JJ
truffle,NN
pizza..,NN
jakarta,NN
servers,NNS
Discount,NNP
mariott,NN
bonvoy,NN
elite,JJ
members,NNS
Juicy,NNP
patties,NNS
topped,VBD
rustic,JJ
layout,IN
central,JJ
Decor,NNP
display,NN
Couldnt,NNP
combined,VBD
techniques,NNS
inspiring,VBG
hints,NNS
personality,NN
amazingly,RB
helpful,JJ
Especially,NNP
turbotin,NN
truffade,VBD
including,VBG
veal,NN
packaging,NN
Sophie,NNP
keen,NNP
eye,NN
recognising,VBG
decorative,JJ
sourced,VBN
historic,JJ
spot,NN
oriental,JJ
chessboard,NN
porcelain,NN
pieces,NNS
P.s,NNP
CNY,NNP
sweetness,NN
strong,JJ
bud,NN
Fries,NNS
low,JJ
performing,VBG
Maybe,RB
test,NN
patience,NN
chose,VBD
comfort,NN
many,JJ
Royer,NNP
thoughts,NNS
wise,VBP
starter,JJ
trail,NN
ablaze,NN
simply,RB
asia,JJ
dishs,NN
origin,NN
slight,VBD
totally,RB
Wooooooo,NNP
yums,NNP
critical,JJ
difficult,JJ
pin,NN
flaws,NNS
position,NN
Waiter,NNP
Cheeseburger,NNP
sunny,JJ
üëå,NNP
technique,NN
flavoured,VBD
near-perfect,JJ
Phillip,NNP
place‚Ä¶very,NN
Gwen,NNP
acquainted,VBD
11-courses,NNS
extended,JJ
suggestion,NN
beverage,NN
Central-Asian,JJ
launch,NN
perhaps,RB
complete,JJ
purists,NNS
chock,NN
puts,VBZ
Add,NNP
Sour,NNP
Plum,NNP
Tripe,NNP
dont,NN
offal,NN
accepting,VBG
Booked,VBD
pre-valentines,NNS
received,VBD
cost,NN
prepay,NN
inordinate,NN
1100,CD
decided,VBD
May,NNP
Servings,NNP
carried,VBD
hint,NN
u,JJ
Totally,NNP
Woo-ed,NNP
Ordered,NNP
mouthgasm,NN
cook,NN
peewee,NN
potatoes,NNS
elegant,JJ
insane,NN
seaweed,VBD
rest,JJ
bland,NN
kitchen,NNP
noisy,VBZ
proper,JJ
breakfast‚Ä¶with,NN
bitter,JJ
coffee,NN
home-made,NN
pasta,NN
U,NNP
Lucy,NNP
Buttermilk,NNP
Fried,NNP
Two,CD
Onion,NNP
Rings,NNP
Sweet,NNP
Coleslaw,NNP
overly,RB
creamy,VBD
compliment,NN
Because,IN
Faith,NNP
photos,NNS
Nan,NNP
Seaweed,NNP
Butter,NNP
butters,NNS
in-house,VBP
jars,NNS
indulging,VBG
open,JJ
creates,NNS
naturally,RB
bustling,VBG
sound,NN
levels,NNS
rise,VBP
due,JJ
heightened,VBN
energy,NN
excitement,NN
seated,VBN
offer,NN
hold,NN
intimate,NN
give,JJ
pairings,NNS
emphasis,NN
provenance,NN
peers,NNS
UK,NNP
Needless,NNP
staples,VBZ
returning,VBG
platform,VB
host/server,NN
knowledge,NN
üëçüèª,VBD
15/5,CD
Sgp,NNP
yesterday,NN
surreal,VBD
Eric,NNP
patient,JJ
stylish,NN
novel,NN
likely,JJ
tend,VBP
saltier,JJR
oiler,JJR
heavy,JJ
dressing,NN
separated,VBD
encouraged,JJ
Let,NNP
personal,JJ
tonight,NN
attendants,NNS
responsive,VBP
arrived,VBD
4Star,CD
<,NNP
Pros,NNP
>,NNP
pate,NN
suitable,JJ
collections,NNS
Staffs,NNP
attentiveüòÑ,VBZ
Heavenly,NNP
tingles,VBZ
imagination,NN
DIE,NNP
MUST,NNP
COME,NNP
HC,NNP
observances,VBZ
preparation,NN
hygiene,NN
utmost,JJ
importance,NN
wear,NN
masks,NNS
wash,VBP
hands,NNS
regularly,RB
tie,VBP
hair,NN
reiterated,VBN
gesture,NN
sparkling,VBG
bottled,VBD
tap,JJ
request,NN
advised,VBD
additional,JJ
apologise,NN
round,NN
pink,VBP
Bloated,VBN
More,RBR
commercial,JJ
Reservation,NNP
disappointing,VBG
relaxed,JJ
pure,JJ
capture,NN
pairs,VBZ
showing,VBG
typical,JJ
scene,NN
Severely,NNP
lower,JJR
meter,NN
Tri,NNP
Tip,NNP
220grams,CD
58++,CD
charred,VBD
bits,NNS
prefer,VBP
mash,JJ
accompaniment,JJ
Mussel,NNP
Bisque,NNP
Happy,NNP
porterhouse,IN
least,JJS
souffle,NN
understated,JJ
focuses,NNS
letting,VBG
unfriendly,RB
slow,JJ
ordinary,JJ
McDonalds,NNS
pricier,VBP
Mayo,NNP
old,JJ
curdled,VBD
Tasted,JJ
6,CD
rip-off,NN
grills,NNS
handful,RBR
capable,JJ
pork,NN
Dont,NNP
systems,NNS
Id,NNP
overgrown,IN
fingernails,JJ
black,JJ
dirt,NN
area,NN
lose,VBP
That,IN
Then,RB
mishmash,VB
theyre,NN
invited,VBN
paying,VBG
spend,JJ
VEGETARIAN,NNP
mid-November,NN
cousins,NNS
40th,CD
bday,JJ
üëçüèªüëçüèªüëçüèª,NNP
credit,NN
numbers,NNS
meaningless,RBR
have..,RB
Go,NNP
management,NN
sneaky,NN
lists,NNS
Family,NNP
comprises,VBZ
Presentation,NNP
genuinely,RB
surprising,JJ
beginning,VBG
Dan,NNP
divine,NN
Plus,NNP
chargrill,NN
ladies,VBZ
ü•∞ü•∞üíì,NNP
cause,NN
found,VBD
rival,JJ
highlight,JJ
foo,NNS
story,NN
telling,VBG
invites,NNS
early,RB
Tuesday,NNP
whisked,VBD
burnt,JJ
crusty,NN
Shout,NNP
Marilou,NNP
Nickson,NNP
lover,VBD
heaven,JJ
klook,VB
3-course,JJ
Portion,NNP
egg,NN
chorizo,NN
canel√©s,NN
Pricy,NNP
afraid,VBD
üëçFood,NNP
salmon,NN
condiments,NNS
Prime,NNP
delicious.üòãüòã,NN
brings,VBZ
hospitable,JJ
mode,NN
Mains,NNP
imo,NN
above,IN
Nov,NNP
2020,CD
well-deserving,NN
3rd,CD
accolade,JJ
measure,NN
intricately,RB
travesty,JJ
lasting,VBG
humble,JJ
opinion,NN
foie,NN
gras,NNS
cube,VBP
Exec,NNP
satisfiedüëçüèøüëçüèøüëçüèø,NN
great~,NN
travel,VBP
gustative,JJ
accompany,JJ
website,JJ
advance,NN
anticipated,VBN
confirmed,VBD
via,IN
email,NN
call,NN
informing,VBG
earlier,JJR
Tried,NNP
Asked,NNP
nailed,VBD
those,DT
expensive,JJ
belonging,VBG
Jw,NNP
Hotel,NNP
flawless,NN
Awful,NNP
rang,NN
cancelled,VBD
answer,NN
system,NN
error,NN
apology,NN
awful,JJ
seasonal,JJ
particular,JJ
boston,NN
ü¶û,NNP
shortly,RB
husbands,VBZ
Creative,JJ
standouts,NNS
omg,VBP
herbal,JJ
mochi,NN
executed,VBD
parings,NNS
GO,NNP
TO,NNP
under-rated,JJ
beats,NNS
Hans,NNPS
Gluck,NNP
prompt,JJ
Super,NNP
couldnt,NN
me..,NN
pun,NN
intended,VBN
informed,VBN
incredibly,RB
Possibly,RB
experienced,JJ
walk-in,JJ
Experience,NNP
paella,NN
amicable,JJ
chunky,NN
filled,VBN
decent,JJ
Tad,NNP
quantity,NN
Wide,NNP
comprising,VBG
recognisable,JJ
rolls,NNS
type,JJ
choices,NNS
mixing,VBG
mexican,JJ
Wednesday,NNP
afternoon,NN
Been,NNP
consistently,RB
usually,RB
lobsters,NNS
Edited,VBD
Apr,NNP
managed,VBD
one-off,RB
awhile,JJ
Scan,NNP
QR,NNP
code,NN
promptly,RB
Famous,NNP
raw,JJ
Crust,NNP
feels,NNS
concept,VBP
style,NN
Therefore,RB
evaluated,VBD
posh,RB
Gorgeous,JJ
leek,JJ
langoustine,NN
feeling,NN
uneasy,JJ
mid,JJ
presence,NN
form,NN
diary,JJ
weaving,NN
didn,NN
minute,NN
hunt,NN
rather,RB
fabulous,JJ
partners,NNS
promotion,NN
Word,NNP
advise,NN
complimentary,NN
quick,NN
bf,NN
mine,NN
liking,VBG
door,NN
vegetarian,JJ
sirloin,NN
Mac,NNP
except,IN
tomato,JJ
omph,JJ
factor,NN
Friday,NNP
thanks,NNS
pear,VBP
turnover,NN
suppose,RB
improve,VB
classic,JJ
Their,NNP
Juiciest,NNP
Me,NNP
No.1,NNP
No.2,NNP
breezy,VBD
sit,NN
sundays,NNS
kinda,VBP
situation,NN
Youre,NN
üòÅ,NNP
impeccably,RB
shoddy,VBD
12-15,JJ
believe,NN
higher,JJR
plates,VBZ
resolved,VBN
Hahahaha,NNP
Honey,NNP
Htoo,NNP
Birthday,NNP
prior,RB
04,CD
spectacular,JJ
‚ú®,NNP
lesser,NN
plated,VBD
Terrific,NNP
gorgeous,JJ
checked,VBD
boxes,NNS
french/local,JJ
clear,JJ
highlights,NNS
others,NNS
polarising,VBG
Langoustine,NNP
superbly,RB
please,VBD
free,JJ
girl,NN
waiters,NNS
intuitive,JJ
inner,JJ
gem,NN
Got,NNP
knowing,VBG
generally,RB
aesthetically-pleasing,VBG
curious,JJ
palates,NNS
stories,NNS
behind,IN
crafting,VBG
disappoints,NNS
justifies,VBZ
Most,JJS
25/04/21,CD
arrange,NN
flowers,NNS
sg,VBP
lamb,NNS
Like,IN
complement,NN
dark,NN
bill,NN
pricey,JJ
Style,NNP
Tasting,NNP
terribly,RB
fatty,VBD
dimensional,JJ
amongst,JJ
8-course,JJ
fav,NN
4.5,CD
exquisite,JJ
membership,NN
depending,VBG
48,CD
braised,JJ
hokkaido,NN
scallops,NNS
lets,VBZ
nuts,NNS
belly,RB
Oishi,NNP
Over,NNP
late,RB
review.I,VBZ
üéÇ,JJ
üé®Art,NN
artists,NNS
flavoued,VBD
Try,NNP
wow,NN
creamed,VBD
spinach,NN
fab,NN
Head,NNP
Sperindio,NNP
pictures,VBZ
speak,VBP
themselves,PRP
justice,JJ
actual,JJ
Situated,NNP
upscale,JJ
Japanese-fusion,NNP
vibe,NN
fish/meat,NN
halibut,NN
ya,NNP
exceptional,JJ
vegan/vegetarian,JJ
Beyond,NNP
veggie,NN
vegan,NN
Veggie,NNP
plain,NN
food/flavours,NNS
ASAP,NNP
period,NN
offers,NNS
wooloomooloo,VBP
mortons,NNS
league,VBP
tier,JJR
plating,VBG
skills,NNS
stand,VBP
piece,NN
2019,CD
ingredient,NN
shows,VBZ
living,VBG
naturalism,NN
showed,VBD
visual,JJ
Warm,NNP
Knowledgeable,NNP
selected,VBD
spoilt,RB
presumptuous,JJ
present,NN
spaced,VBD
range,NN
Rolls,NNP
that..,NN
might,MD
pricy,VB
BBQ,NNP
fall,NN
ears,VBZ
must-have,JJ
finger,NN
crackers,NNS
located,VBN
sixth,JJ
gallery,NN
building,NN
marina,NNP
bay,NN
sands,NNS
CBD,NNP
contemporary,JJ
designed,VBN
tribute,JJ
roots,NNS
üòÉüòÉüòÉ,VBP
Mostly,NNP
normal,JJ
smoked,VBD
smokey,JJ
id,JJ
Casual,NNP
Summer,NNP
features,VBZ
pub,VBP
facing,VBG
cross,NN
junction,NN
Diagonal,NNP
NAFA,NNP
toastbox,NN
Having,VBG
1-for-1,JJ
Apparently,RB
250ml,CD
tapped,VBD
theatre,NN
Bess,NNP
waygu,NN
someday,NN
üòç,NNP
reflected,VBD
plate,JJ
Wine,NNP
seriously,RB
Filet,NNP
mignon,NNP
*chefs,NNP
kiss*,NNP
wowzaaaa,NN
whiskey,NN
sour,JJ
hibiki,NN
rump,NN
From,NNP
meaty,NN
Wasn,NNP
v,NN
depressing,VBG
‚Äò,NNP
turkey,NN
üëåüèª,NNP
Hands,NNP
discounted,VBD
unfortunately,RB
Scrumptious,JJ
Saffron,NNP
cured,VBD
yolk,JJ
shavings,NNS
üòãüòã,JJ
3-4,JJ
already,RB
In,IN
getting,VBG
+,JJ
hr,NN
Sanchoku,NNP
Yellowtail,NNP
Jalapeno,NNP
Brother,NNP
‚óú‚Äø‚óù,NNP
‚ô°,NNP
üëçüèº,VBD
200,CD
per,IN
pax,NN
mind-blowing,NN
spaghetti,NNS
Wolfgangs,NNP
restaraunt,NN
filet,NN
Pricey,NNP
consistent,NN
Found,VBD
richer,JJR
cuts,NNS
cloying,VBG
Sides,NNP
tag,NN
Asahi,NNP
19,CD
mmm,NN
Extremely,RB
indeed,RB
Small,NNP
crowded,VBD
Eggs,NNP
wagon,IN
stilton,NN
sober,NN
breeze,NN
appetisers,NNS
pushy,VBP
ordering,VBG
disasters,NNS
Cold,NNP
reading,NN
hearing,VBG
raving,VBG
surely,RB
live,JJ
pineapple,NN
Tim,NNP
opening,NN
Bakery,NNP
Exquisite,NNP
üòå,NNP
Apart,NNP
board,NN
updates,VBZ
„Åô„Åî„ÅÑÁæéÂë≥„Åó„Åã„Å£„Åü,NNP
composition,NN
etc,FW
completely,RB
Racial,JJ
discrimination,NN
granted,VBN
Exquisitely,RB
dream,JJ
Inventive,NNP
choose,NN
news,NN
companions,NNS
THIS,NNP
IS,VBZ
NOT,NNP
RESTAURANT,NNP
DO,VB
IT,NNP
AT,NNP
boyfriends,VBZ
pulut,JJ
hitam,NN
mango,NN
DIVINE,NNP
Singaporean,NNP
under,IN
Quite,NNP
lively,RB
roles,VBZ
American,JJ
diner,NN
Whole,NNP
key,NN
werent,NN
Tomahawk,NNP
esp,NN
mushrooms,NNS
peas,VBP
die,JJ
for..,NN
grandson,NN
loves,VBZ
mac,RBS
too..Will,JJ
choosing,VBG
mostly,RB
fat,JJ
drop,NN
tremendously,RB
attitude,RB
enhanced,JJ
skyline,NN
rattan,NN
hand,NN
cushions,NNS
told,VBD
beforehand,RB
600,CD
300,CD
HALF,NNP
bottle,JJ
watery,NN
shop,NN
Environment,NNP
crampy,NN
romantic,JJ
Suggest,NNP
Appetisers,NNPS
Julian,JJ
shoulder,NN
chargrilled,VBD
Shaved,NNP
doesnt,NN
venison,NN
200g,CD
40+,CD
Steamed,VBD
50+,CD
500g,CD
discounts,NNS
yours,RB
wanting,VBG
reccomend,VB
fannatical,JJ
finishing,NN
custom,NN
Where,NNP
boiled,VBD
palatable,JJ
inhonest,JJ
shout-out,NN
Caroline,NNP
nauseous,JJ
Woke,VBD
7am,CD
puke,JJ
begin,NN
Christmas,NNP
either,CC
luck,NN
poisoned,VBD
maki,JJ
PLS,NNP
READ,NNP
BEFORE,NNP
MAKE,NNP
RESERVATION,NNP
SAVE,NNP
YOURSELF,NNP
HEFTY,NNP
BILL,NNP
totaled,VBD
hotels,NNS
meal-,CD
Out,NNP
coissant,JJ
bakery,NN
Cheap,NNP
explain,NN
receiving,VBG
investigating,VBG
reaching,VBG
line,NN
carpaccio,NN
chop,NN
tomahawk,NN
extraordinary,JJ
restauranteur,NN
frankly,RB
learning,VBG
presented..Simply,NN
üëçüëç,JJ
abit,NN
Background,NNP
Probably,NNP
avocado,VBD
saturday,JJ
female,JJ
seems,VBZ
rush,JJ
walk,NN
understaffed,JJ
moist,JJ
tri-tip,JJ
Avoid,NNP
realising,VBG
basically,RB
portobello,JJ
replace,VB
Thought,NNP
kidding,VBG
melted,VBN
michelon,NN
previous,JJ
Aura,NNP
booth,NN
counted,VBD
40-50,JJ
covers,NNS
account,VBP
walking,VBG
Spoiler,NNP
alert,JJ
images,NNS
writing,VBG
afterwards,NNS
Who,NNP
knew,VBD
thermidor,JJ
inauthentic,JJ
split,NN
baked,VBN
claw,NN
anaemic,JJ
flimsy,NN
straws,NNS
‚ù§Ô∏è,VBP
remarkable,JJ
laughters,NNS
Almost,NNP
magical,JJ
caveat,NN
quiet,JJ
Sg,NNP
dressed,VBD
tobiko,NN
greens,NNS
unconventional,JJ
regular,JJ
120g,CD
Personally,RB
upsize,JJ
suit,NN
adult,NN
rough,IN
dry,JJ
despite,IN
Medium,NNP
grind,NN
basket,NN
complimented,VBD
10*,CD
È£üÁâ©ÔºåÁéØÂ¢ÉÔºåÊúçÂä°ÈÉΩ‰∏çÈîôüëçüèª,JJ
three-cheese,JJ
Cheese,NNP
disappointingly,RB
12,CD
aside,RB
five,CD
reinvention,NN
predominantly,RB
youll,JJ
notice,JJ
Korean,JJ
thread,NN
running,VBG
neat,JJ
4.5*,CD
4*,CD
middling,VBG
interior/ambience,NN
competition,NN
3.5*,CD
inconsistent,NN
fortunate,NN
photo,NN
ops,VBZ
spoil,JJ
treat,NN
snacks,NNS
mocktails,NNS
wide,JJ
drink,VBP
Expensive,JJ
caviar,NN
"evening,18",NN
Dec.,NNP
Fine,NNP
background,IN
audible,JJ
volume,NN
Perfection,NNP
Porterhouse,NNP
sharing,VBG
portions,NNS
closing,VBG
worthy,JJ
shaobings,NNS
cali,VBP
somewhat,RB
pig,JJ
sauteed,NN
mediocre,NN
expecting,VBG
A1,NNP
gap,NN
Display,NNP
immaculate,NN
equally,RB
salted,VBD
TMG,NNP
rate,NN
5/5,CD
terrible,JJ
phonecall,NN
secure,NN
screwed,VBD
DontSayBojio,NNP
herbs,NN
refreshing,VBG
Western,JJ
Symphonies,NNP
beetroot,VBP
various,JJ
styles,NNS
coasts,NNS
directly,RB
garden,VBP
olive,JJ
oil,NN
garnishes,NNS
friggin,VBP
cheeks,NNS
Yum,NNP
thanking,VBG
heart,NN
uniquely,RB
talk,VB
Whoever,NNP
handles,VBZ
phone,NN
job,NN
several,JJ
calls,VBZ
previously,RB
match,JJ
cap,NN
Here,RB
circuit,NN
breaker,NN
pizzas,NN
brussel,NN
sprouts,VBZ
handrolls,NNS
taco,JJ
shiso,JJ
seabass,NN
Vanilla,NNP
Milkshake,NNP
Curly,NNP
definately,RB
orders,NNS
convenient,JJ
wallet,NN
painful,JJ
stood,VBD
meringue,JJ
Ivory,NNP
caramel,NN
sanchoku,NN
gone,VBN
boring,JJ
apple,NN
wild,JJ
taste..,NN
imo..,NN
Memorable,NNP
included,VBD
Spaghetti,NNP
Monograno,NNP
Felicetti,NNP
Scampi,NNP
Young,NNP
Chestnut,NNP
Tonnarelli,NNP
Foie,NNP
Gras,NNP
namely,RB
sand,VBP
perch,NN
tuning,VBG
aircon,JJ
ok.,JJ
lol,NN
25mins,CD
Dine-in,JJ
takeout,NN
mess,NN
classical,JJ
Sommelier,NNP
Manger,NNP
unattentive,JJ
counter,NN
unattended,VBD
annual,JJ
affair,NN
guys,NNS
Remember,NNP
Scottish,NNP
Rosemary,NNP
Organic,NNP
Egg,NNP
Unmissable,NNP
Light,NNP
World,NNP
Non-Google,NNP
salads,NNS
soups,NNS
called,VBD
descriptions,NNS
ill,VB
juicy-licious,JJ
Numbers,NNS
"1,2,4",CD
beers,NNS
Luv,NNP
joint,JJ
talent,NN
feasted,VBD
problem,NN
chops,NNS
Monday,NNP
iced,VBD
forget,VB
sence,NN
extensively,RB
Finally,NNP
odette,MD
RM,NNP
Jacques,NNP
Julienüòç,NNP
spent,VBD
400,CD
Petit,NNP
service~,NN
Instagram,NNP
page,NN
rachreviews_,NN
specific,JJ
appropriate,JJ
jn,NN
hall,NN
owner,NN
John,NNP
sp,NN
helped,VBD
lounge,VB
classy,JJ
prime,JJ
corn,NN
cream,NN
fine-dining,NN
absolute,NN
delicate,NN
fail,VBP
Delightful,NNP
hash,NN
browns,NNS
bacon,VBP
intervals,NNS
shorter,JJR
scenery,NN
describe,NN
artful,JJ
Unfortunately,RB
forgot,VBD
cant,JJ
recall,NN
names,NNS
fianc√©s,VBP
top-notch,NN
intrusive,JJ
season,NN
Of,IN
Krug,NNP
champagne,NN
Pleasantly,NNP
surprised,VBD
whim,JJ
sign,NN
kimchi,NNS
bowl,VBP
cancel,JJ
outbreak,JJ
virvus,NN
straight,JJ
cancellation,NN
fee,NN
.an,NNP
nutmy,NN
goodness,NN
looked,VBD
Nixon,NNP
Visual,NNP
feast,NN
scenes,NNS
Flyer,NNP
Esplanade,NNP
excite,NN
Gilbert,NNP
Marco,NNP
--,:
natural,JJ
magic,JJ
blow-out,NN
special-occasion,NN
Cream,NNP
shakes,VBZ
amount,NN
tied,JJ
theme,NN
charming,VBG
spoke,VBD
hats,NNS
Milk,NNP
Jerrys,NNP
hustle,JJ
bustle,NN
friends.üëç,NN
related,VBN
Truffle,NNP
gelato,NN
Inspired,NNP
Week,NNP
atop,IN
buzzing,VBG
pastas,NNS
al,RB
dente,VBP
Hors,NNS
doeuvres,NNS
Heirloom,NNP
meetings,NNS
held,VBD
carefully,RB
harder,RBR
revenge,NN
ongoing,VBG
promotions,NNS
worthwhile,IN
Views,NNP
Attention,NNP
monty,NN
WOW,NNP
weren,NN
alright,VBD
tbh,RB
flown,VBN
Tatsuya,NNP
legendary,JJ
tasteless,NN
allowed,VBD
ABSOLUTELY,NNP
FABULOUS,NNP
Massive,NNP
Cafe,NNP
reviewed,VBD
wolf,JJ
shack,NNS
Take,VBP
lah,JJ
takeeeee,NN
Could,NNP
t-bone,NN
dinning,VBG
artsy,JJ
48hr,CD
brother,NN
lavenande,NN
Should,NNP
picked,VBD
third,JJ
flavourful,JJ
smoky,NN
sensation,NN
cleanse,NN
Keep,NNP
lived,VBD
platter,JJ
doesn,JJ
artisanal,JJ
new-old,JJ
applied,VBN
unfamiliar,JJ
mbs,NN
houses,NNS
fry,VBP
ear,JJ
beers..,NN
kurobota,NN
singapore,NN
says,VBZ
isnt,JJ
meant,NN
suggest,JJS
iconic,JJ
Sophisticated,JJ
design,NN
cozy,NN
beware,NN
exceeded,VBD
tuna/mushroom,NN
Generally,NNP
Breads,NNP
considering,VBG
üçª,JJ
ive,JJ
scampi,NN
missed,VBD
Nicole,NNP
portioning,VBG
control,NN
Elvis,NNP
hearty,NN
square,NN
crunchy,NN
toast,NN
Holy,NNP
woman,NN
boss,NN
Open,NNP
case,NN
poorly,RB
lit,VBD
roadside,JJ
promos,NN
varietal,JJ
Terroir,NNP
Table,NNP
Heart,NNP
Plate,NNP
Odetter,NNP
finest,JJS
artistic,JJ
array,NN
üëçRecommended,VBD
glass,NN
chairs,NNS
whereas,VBP
chair,NN
0,CD
american,JJ
spectrum,NN
determine,NN
whats,NNS
Bad,NNP
balance,NN
üòë,NN
comments,NNS
chef/restaurant,JJ
aware,JJ
Helped,NNP
pregnant,NN
Ranked,VBD
Now,RB
title,JJ
EVAR,NNP
Exotic,NNP
foodüòãüòãüòãüòãüòãüòãüòãüòã,NN
uni,JJ
umami,JJ
beets,NNS
France,NNP
dad,NN
often,RB
utter,JJ
ü•ê,NNP
Wai,NNP
combines,NNS
Gon,NNP
na,TO
Solid,NNP
driver,NN
Using,VBG
11,CD
Madison,NNP
Park,NNP
benchmark,NN
amazing-,NN
buts,NNS
High,NNP
standars,NNS
Stars,NNP
Keen,NNP
Stepping,NNP
lift,NN
70,CD
floors,NNS
seeing,VBG
bartender,NN
wearing,VBG
mask,NN
nose,NN
exposed,VBD
fame,NN
supported,VBD
shopistacated,VBN
Strategically,NNP
Bugis,NNP
road,NN
crossing,VBG
aloholic,JJ
trued,VBN
overrated,JJ
korean,JJ
Any,NNP
beat,NN
Fiance,NNP
Hair,NNP
response,NN
acclaim,NN
Meant,NNP
USDA,NNP
romatic,JJ
ones,NNS
Full,NNP
persons,NNS
Foodpanda,NNP
misleading,VBG
app,JJ
ü§©,JJ
honeymoon,NN
sticker,NN
shock,NN
55,CD
USD,NNP
granny,NN
transforming,VBG
simplicity,NN
shocked,VBD
artichoke,JJ
worse,JJR
deep-fried,JJ
Sands,NNP
casino,NN
ready,JJ
ever-popular,JJ
Rudy,NNP
kings,NNS
gf,VBP
pausing,VBG
Congrats,NNP
so~,JJ
eloquent,NN
attended,VBD
Jordan,NNP
raise,NN
regret,NN
save,VBP
Key,NNP
terre,JJ
Mer,NNP
rosemary,NN
overcharged,VBD
clearly,RB
charged,VBN
20,CD
18,CD
instead,RB
everyones,JJ
information,NN
Average,NNP
180+,CD
SGD,NNP
15,CD
pre,NN
eel,NN
mushroom/truffle,NN
ü•∞,NNP
Wld,NNP
Waited,VBD
appointment,JJ
üëçüëçüëç,NNP
backstory,NN
OK.,NNP
sing,NN
song,NN
Bit,NNP
rushed,JJ
Instead,RB
moved,VBD
Waiters,NNP
proactive,JJ
sales,NNS
buy,VBP
happier,JJR
Otherwise,NNP
üòÜ,$
5th,CD
Gets,NNP
sets,VBZ
saltish-ness,JJ
overwhelming,VBG
Wedding,NNP
adventurous,JJ
possible,JJ
ultimately,RB
odyssey,VBP
based,VBN
85++,CD
xmas,JJ
ideas,NNS
shall,MD
obliged,VB
awarded,VBD
3-star,JJ
Pithviers,NNP
Grand,NNP
Cusine,NNP
types,VBZ
Anyhow,NNP
Yet,NNP
Pre,NNP
usual,JJ
Bravo,NNP
Beppe,NNP
raising,VBG
challenging,VBG
Lighting,VBG
dim,JJ
foodüòã,JJ
lots,NNS
creating,VBG
moments,NNS
tip,NN
generously,RB
acknowledge,VBZ
Highest,NNP
THATTT,NNP
really..,NN
Liked,NNP
reserve,NN
theaterics,NNS
flew,VBD
quickly,RB
drank,JJ
anticipate,JJ
Prices,NNS
in-line,JJ
upmarket,JJ
Fav,NNP
Book,NNP
Valentine,NNP
Day,NNP
organised,VBD
stages,NNS
work,VBP
works,RB
educated,VBN
De,NNP
Vito,NNP
Course,NNP
sending,VBG
massive,JJ
Compliments,NNS
üë®üèº‚Äçüç≥and,VBP
Since,IN
holidays,NNS
chirpily,RB
facts,VBZ
sons,NNS
21st,CD
french,JJ
turbot,NN
bordeaux,NN
brussels,NNS
vanilla,VBP
paper,NN
easier,JJR
150,CD
Per,NNP
Pax,NNP
decently,RB
Be,NNP
enjoying,VBG
Perhaps,RB
ultimate,JJ
Ruby,NNP
consummate,NN
professionals,NNS
Abit,NNP
constructed,VBD
enthusiastically,RB
himself,PRP
lime,JJ
this..It,JJ
Kristine,NNP
Exspensive,NNP
dollar,NN
italian,JJ
sum,NN
carts,NNS
carts.Otherwise,VBP
tho,JJ
complaints,NNS
Extensive,JJ
Corkage,NNP
50,CD
Outstanding,NNP
Many,JJ
Magic,NNP
likings,NNS
Saturday,NNP
mashed,VBD
Completely,RB
mindblown,JJ
finesse,NN
treats,NNS
EXCELLENT,NNP
anticipation,NN
stepping,VBG
6pm,CD
one-to-one,JJ
voucher,NN
7pm,CD
applicable,JJ
Queue,NNP
formed,VBD
careful,JJ
Set,NNP
hang,NN
Hazelnut,NNP
successful,JJ
Paul,NNP
magnificent,NN
yellowtail,NN
snapper,NN
Atlantic,NNP
spicy,NN
exploring,VBG
holiday,JJ
to-visit,JJ
finally,RB
pinch,JJ
tolerance,NN
spice,NN
seating,VBG
becomes,NNS
poor/con,VBP
gimmick,JJ
Better,NNP
Ingredients,NNP
Knowing,NNP
winner,NN
Master,NNP
tow,NN
accommodate,NN
baby,NN
collegues,NNS
heading,VBG
cny,JJ
inform,NN
Perfectly,RB
Walking,NNP
wooden,JJ
entrance,NN
portal,JJ
smiles,NNS
playfulness,JJ
selections,NNS
youre,VBP
Cote,NNP
de,IN
Boeuf,NNP
Meh,NNP
Shakes,NNP
dipping,VBG
d,NN
Asias,NNP
renowned,VBD
aldrick,JJ
dinesh,NN
consisted,VBD
real,JJ
budget,NN
delish,JJ
BYOB,NNP
biggest,JJS
overcooked,VBD
kurobuta,JJ
orange,NN
saved,VBD
1h,CD
honestly,RB
indoors,NNS
Interior,NNP
decoration,NN
delecious,JJ
sprout,NN
wokay,NN
Mother,NNP
kept,VBD
longer,RBR
hell,VB
overload,RB
arancini,JJ
balls,NNS
worst,JJS
Grade,NNP
friday,JJ
general,JJ
1.,CD
Order,NNP
wasabi,NN
veg,NN
it.the,JJ
repeat,NN
dates,NNS
gatherings,NNS
varieties,NNS
plans,NNS
Credit,NNP
cards,NNS
accepted,VBD
Ate,NNP
9pm,CD
succulent,NN
Wouldn,NNP
Standard,NNP
HH,NNP
Similar,NNP
protion,NN
ravioli,NN
standards,NNS
nonethless,JJ
show,VBP
Marta,NNP
Lily,NNP
Zachary,NNP
Morton,NNP
Bistecca,NNP
Tuscon,NNP
Wolfgang,NNP
mean,VBP
Bangkok,NNP
Degrees,NNP
BKK,NNP
Osteria,NNP
revamped,VBD
Kurobuta,NNP
Nadia,NNP
tradition,NN
fine-dine,NN
sharp,JJ
milder,NN
creamier,JJR
exudes,NNS
earth,VBP
natured,JJ
Consistant,NNP
N,NNP
starting,VBG
stage,NN
five-course,JJ
poached,VBD
pre-dessert,JJ
grill,NN
ketchup,VB
brand,NN
chilli,NN
Surely,NNP
Martin,NNP
yourselves,VBZ
Glad,NNP
red,JJ
raymond,NN
primal,JJ
cab,NN
sauv,NN
Team,NNP
layers,VBZ
waves,NNS
palette,VBP
splurge,NN
fianc√©,VBP
menu.Their,NN
good.Only,RB
noise,RB
death,NN
iberico,NN
dare,NN
adequate,JJ
Odettes,NNP
raved,VBD
organic,JJ
Power,NNP
Salted,NNP
blended,VBD
cookies,NNS
rave,VBP
about..might,VBN
alcoholic,JJ
shorted,VBD
covid,NN
shell,NN
paced,VBD
portioned,JJ
minimalist,NN
dried,VBD
longan,JJ
tea.The,NN
introduced,VBN
Charlene,NNP
whose,WP$
flair,NN
burgs,VBZ
rowdy,JJ
Ren√©e,NNP
engaged,VBD
closest,JJS
nor,CC
perpetually,RB
mood,NN
burrata,NNS
pesto,NN
peppers,NNS
overpowered,VBD
send,JJ
turn,NN
voluntary,JJ
Irah,NNP
Mok,NNP
Mich,NNP
infact,NN
checking,VBG
üòÅü•∞Excellent,JJ
setback,NN
restroom,NN
stairs,VBZ
signage,NN
sophisticated,VBD
explore,RB
35,CD
respectively,RB
Thankyou,NNP
Saurabh,NNP
„Ñ∑„Ñ∑,NNP
„Ñ∑„Ñ∑„Ñ∑,NNP
ÎßõÏûàÏñ¥Ïöî,NNP
Í∑∏Îü∞Îç∞,NNP
Í∞ÄÍ≤©Ïù¥,NNP
„Ñ∑„Ñ∑„Ñ∑„Ñ∑„Ñ∑,NNP
high-end,JJ
Nouri,NNP
ü•©,NNP
mouth..,NN
legit,NN
notched,VBD
25¬∞,CD
ü§îü§îü§î,NNP
Unobtrusive,NNP
Relaxed,NNP
nail,VBP
ridiculous,JJ
joints,NNS
Blue,NNP
Cake,NNP
Mignon,NNP
Unreal,NNP
againÔºÅ,JJ
trip,NN
none,NN
Brussel,NNP
staffed,VBD
patchy,NN
stretched,VBN
sesame,NN
overbearing,VBG
cool,JJ
commendable,JJ
mindboggling,VBG
slider,NN
shelf,NN
Naga,NNP
sail,NN
improvement,NN
apparently,RB
shorthanded,VBD
disorganised,JJ
example,NN
cutlery,NN
overwhelmed,VBD
severely,RB
underdressed,JJ
differently,RB
freshly,RB
company,NN
traveller,NN
seeking,VBG
needed,VBN
peices,NNS
lovers,NNS
sampler,VBP
hangout,NN
Pair,NNP
üçîüëç,NNP
horrible,JJ
oodle,JJ
3hrs,CD
calling,VBG
Victoria,NNP
curtly,RB
realised,VBD
830pm,CD
845,CD
How,NNP
wont,JJ
Puck,NNP
candles,VBZ
ourselves,PRP
pouring,VBG
sous,JJ
vide,IN
breast,NN
reduce,VB
count,NN
duroc,RB
scrumptious,JJ
combi,NNS
wldnt,VBP
over-the-counter,JJ
conversations,NNS
korean-western,JJ
created,VBD
savory,JJ
mussel,NN
Being,NNP
staying,VBG
Marriot,NNP
regrets,NNS
Signature,NNP
58,CD
dollars,NNS
Lets,VBZ
blocks,NNS
groups,NNS
hungry..,VBP
Thumbs,NNP
TOP,NNP
NOTCH,NNP
entered,VBD
smoothly,RB
Jun,NNP
Yong,NNP
108,CD
elsewhere,RB
Hardly,RB
cramped,VBD
hate,VB
conditioning,NN
sufficient,JJ
stone,NN
heated,VBN
Bill,NNP
thousand,CD
Sans,NNPS
cocktails.The,JJ
elements,NNS
Come,NNP
outdoor,VBP
yum,JJ
superb..,NN
good..,NN
attentive..,NN
back..Crispy,NN
unlike,IN
Staying,VBG
overlook,NN
Henry,NNP
Nicely,NNP
Pleasant,NNP
Nicholas,NNP
anytime,NN
croissants,NNS
supposedly,RB
Grain,NNP
Fed,NNP
Ambiance,NNP
Foods,NNP
Favorite,NNP
Tacos,NNP
kiwi,NNP
yuzu,NNP
Toro,NNP
Managed,VBD
70th,CD
Swissotel,NNP
Stamford,NNP
tallest,JJS
companion,NN
Greatful,NNP
join,NN
festive,JJ
December,NNP
uptight,JJ
relax,NN
game,NN
master,NN
craft,NN
accolades,VBZ
Consistently,RB
V,NNP
sent,VBD
total,JJ
reminders,NNS
Darren,NNP
Covid,NNP
grab,NN
appetizer,NN
mini,NN
decors,NNS
accessories,NNS
Expect,VBP
Devon,NNP
luckily,RB
streak,VBZ
cuz,JJ
soo,NN
queues,NNS
Stay,NNP
yall,RB
scammed,VBD
gladly,RB
Dylan,NNP
Cuisine,NNP
Liqueur,NNP
Spirit,NNP
40-seat,JJ
dedicated,VBD
showcasing,VBG
Beyone,NNP
constantly,RB
requests,VBZ
Gave,NNP
reminding,VBG
1for,CD
1for1,CD
representation,NN
Reasonably,NNP
Kevin,NNP
hv,NN
diff,NN
Chose,NNP
Blown,NNP
notches,NNS
Used,VBD
entertainer,NN
became,VBD
chased,JJ
now..Warned,JJ
guy,NN
jovial,JJ
reallyyy,NN
nice~‚ò∫Ô∏è,NN
brunch,NN
standout,NN
steal,NN
Ariana,NNP
Lee,NNP
Orli,NNP
Hanni,NNP
birthdays,VBZ
Deletable,NNP
tomatoes,NNS
pickles,NNS
include,VBP
Judging,NNP
welcomed,VBD
item,NN
Customer,NNP
excellant,NN
alot,NN
üòÖ,NNP
relish,NN
limted,VBD
vegetarians,NNS
Chek,NNP
Wun,NNP
foot,NN
tenderloin,NN
korubuta,NNP
MICHELIN,NNP
soothing,VBG
Music,NNP
observe,NN
thr,NN
to-go,JJ
Father,NNP
delivered,VBD
godparents,NNS
1.5hours,CD
Kaito,NNP
Except,NNP
shrimp,NN
States,NNPS
rubbish,JJ
specified,VBD
8pm,CD
soggy,JJ
acts,NNS
358++,CD
Peking,VBG
functioning,VBG
Helpful,NNP
staffing,VBG
here..,RB
16nett..,CD
man..,NN
Alex,NNP
south,RB
beach,VBP
chic,JJ
prompted,VBN
refilled,VBD
requesting,VBG
FYI,NNP
Shermaine,NNP
faves,VBZ
Brooklyn,NNP
defender,NN
ipa,NN
bucks,NNS
roasted,VBN
appeared,VBD
green,JJ
lightly,RB
ridiculously,RB
Understand,NNP
substantial,JJ
premium,NN
glaringly,RB
obvious,JJ
Overrated,NNP
Saifan,NNP
tummy,NN
problems,NNS
Parma,NNP
ham,VBD
solely,RB
whine,JJ
fresco,NN
Grilled,VBD
Portions,NNP
pathetic,JJ
libations,NNS
Edwinna,NNP
Haqib,NNP
A++++,NNP
Intimate,NNP
lunches,NNS
aesthetically,RB
appealing,VBG
G,NNP
buttermilk,NN
Flavourful,NNP
At,IN
bepow,JJ
G.,NNP
Jacqueline,NNP
step,NN
waste,NN
Nobu,NNP
grad,NN
Predictable,NNP
gon,NN
blind,IN
spots,JJ
station,NN
category,NN
euro,NN
Oddly,NNP
Pittsburgh,NNP
normally,RB
99,CD
loyal,JJ
Mortons,NNP
Feb,NNP
Molly,NNP
featuring,VBG
gastronomically,RB
safety,NN
Between,NNP
ill-fated,JJ
whitegrass,NN
undoubtedly,RB
SO,NNP
nuanced,VBD
driven,JJ
pot,NN
Jack,NNP
creek,NN
Waygu,NNP
cafe,VBZ
downtown,RP
rocher,JJ
mrt,NN
distance,NN
bugis,NN
fit,NN
iCo,NN
ke7,NN
Greetings,NNP
endeavour,NN
maintain,NN
product,NN
assuring,VBG
Warmest,NNP
regards,NNS
Foo,NNP
interact,NN
beefüëå,VBD
5*,CD
centrally,RB
escape,JJ
Once,NNP
Seasonal,NNP
vegetables,NNS
brustle,RB
pumpkin,VBP
wishing,VBG
us..,JJ
wld,NN
sofa,NN
yvette,NN
yong,RB
Sonoran,NNP
dog,NN
trickier,NN
decadent,NN
Greg,NNP
unpleasant,JJ
manpower,NN
crunch,NN
steps,NNS
Hammond,NNP
kakigori,VBD
Boyfriend,NNP
york,NN
od,NN
stands,VBZ
Bun,NNP
chatting,VBG
sou,JJ
mala,NNS
mildly,RB
combo,VBP
dreamlike,NN
compare,NN
Added,NNP
breaking,NN
bank,NN
eater,NN
causal,NN
359++,CD
Skai,NNP
Efe,NNP
Ozyaba,NNP
intrigued,VBD
Easily,NNP
accessible,JJ
California,NNP
someone,NN
jowl,NN
Aiza,NNP
Mari,NNP
Damage,NNP
S,NNP
600-900,JJ
leaning,VBG
offering,NN
decide,NN
minutes,NNS
leisure,VBP
Li,NNP
Wen,NNP
opens,VBZ
fare,VBP
Early,JJ
95,CD
Side,NNP
pleasantly,RB
decadence,RB
Crabcake,NNP
followed,VBD
overcooking,VBG
Yi,NNP
Long,NNP
appreciation,NN
agree,NN
motivator,NN
associates,VBZ
enables,NNS
train,VBP
encourage,JJ
Elegant,JJ
Gluten-free,JJ
mod,NN
Les,NNP
Amis,NNP
stalwarts,VBZ
Taste,NNP
toufu,NN
fabulously,RB
differentiating,VBG
M,NNP
onwards,NNS
figuratively,RB
fly,VBP
youve,RB
Worthen,NNP
elevate,NN
using,VBG
unforgettable~~,JJ
colleague,NN
gang,NN
stuffed,VBD
Oh,NNP
heck,NN
2013,CD
CHefs,NNP
superior,JJ
Smollenkys,NNP
Delicous,NNP
catching,VBG
prodigy,JJ
greenery,NN
Devonshire,NNP
wrapped,VBD
complexity,NN
DC,NNP
honored,VBD
120-180,JJ
Hip,NNP
upbeat,NN
eatery,NN
Eats,NNP
Fun,NNP
Line,NNP
Caught,NNP
Pacific,NNP
Halibut,NNP
resist,NN
aroma,NN
Overpriced,NNP
üçï,NNP
Melisa,NNP
Herman,NNP
elevator,NN
Akiras,NNP
creations,NNS
pleasing,VBG
=,JJ
Gabriel,NNP
hopefully,RB
fell,VBD
hello,NNS
acceded,VBD
numerous,JJ
Chin,NNP
thankyou,NN
unpleased,VBD
handle,JJ
process,NN
April,NNP
2-5,CD
4th,CD
thru,NNS
Quando,VBN
By,IN
shoutout,NN
initiative,NN
sight,NN
Location,NNP
immediately,RB
identify,VBZ
bearable,JJ
Luxury,NNP
resto,NN
view..,NN
Jiinshiuan,NNP
Hopefully,NNP
Shu,NNP
Chen,NNP
fared,VBD
continuously,RB
enhance,JJ
products,NNS
grateful,JJ
ivanov.rotinsulu,JJ
marriotthotels.com,NN
discuss,NN
greater,JJR
depth,NN
distant,JJ
Ivanov,NNP
Rotinsulu,NNP
Assistant,NNP
Manager,NNP
whisky,VBD
aged,VBN
St,NNP
Louis,NNP
Ribs,NNP
300g,CD
tri,NN
65,CD
oven,JJ
bird,NN
valley,NN
wagu,NN
sized,VBD
cheesy,NN
Lettuce,NNP
veges,VBZ
tastier,JJR
bars,NNS
Matthew,NNP
Goh,NNP
lock,NN
hoped,VBD
effect,NN
Terre,NNP
Yuzu,NNP
lacked,VBD
harmony,NN
melody,NN
altogether,RB
healthy,JJ
spin,NN
taro,NN
shells,NNS
messy,VBP
King,VBG
Vanessa,NNP
medium-rare,JJ
alone,RB
Stefie,NNP
vegetarian-friendly,JJ
relaxing,VBG
2-3,JJ
maximize,NN
enjoyment,JJ
Aside,NNP
Ginette,NNP
neighboring,VBG
Jason,NNP
exciting,VBG
lady,JJ
newspaper,NN
saw,VBD
caring,VBG
mei,NN
yuk,NN
Tse,NNP
Ms.,NNP
Celine,NNP
specifically,RB
singled,VBD
excited,VBN
decorated,JJ
Bistro,NNP
thankfully,RB
reasons,NNS
Nothing,VBG
Sadly,RB
Mike,NNP
passion,NN
shines,NNS
Joanna,NNP
O,NNP
coupled,VBD
shaky,JJ
Spago,NNP
Spagos,NNP
closure,NN
Covid-19,NNP
Drinks,NNP
omelet,NN
lines,NNS
Wei,NNP
grandmother,RB
Unusual,NNP
Spent,NNP
6.20pm,CD
medium-well,NN
pen,JJ
lil,VBZ
14++,CD
ppl,NN
ate,NN
Hokaido,NNP
snow,VBP
Arc,NNP
Spicy,NNP
Miso,NNP
Soup,NNP
underseasoned,VBD
AMAZING,NNP
Shaker,NNP
spelled,VBD
nice..,RB
Need,NNP
Audrey,NNP
100gourmet,CD
aromas,VBD
98++,CD
separately,RB
occasional,JJ
Gregory,NNP
Waldron,NNP
exceeds,NNS
Made,NNP
customize,NN
buratta,NN
üòã,NNP
vary,NN
happens,NNS
humiliated,VBD
Cheryl,NNP
Shirley,NNP
zero,CD
Yu,NNP
mascarpone,NN
linguine,NN
4/5th,CD
remain,NN
Sze,NNP
Wee,NNP
finw,NN
bubblies,NNS
learn,VBP
midst,JJ
contact,NN
info,NN
themarketgrill.com.sg,NN
Typical,NNP
USA,NNP
Spain,NNP
chewed,VBD
tissue,NN
waow,NN
Serving,NNP
reassess,NN
Lawrys,NNP
so-so,JJ
Am,NNP
frequent,JJ
Yash,NNP
repertoire,NN
korean-japanese,JJ
conplex,NN
upped,VBD
glam,NN
Disappointing,NNP
restaurant/bar,NN
formal,JJ
continue,NN
stumbled,VBD
butbparking,VBG
tricky,JJ
lane,NN
Dec,NNP
2018,CD
mix,NN
content,NN
SL,NNP
Q,NNP
highest,JJS
priority,NN
apologize,VBP
meeting,NN
teachable,JJ
necessary,JJ
guidelines,NNS
prevent,VBP
issues,NNS
occurring,VBG
valued,VBN
facilities,NNS
sorbet-based,JJ
Melodie,NNP
nights,NNS
home-cooked,JJ
NICE,NNP
diminished,VBD
excessively,RB
È£üÁâ©‰∏≠Á≠â,JJ
musical,JJ
Truly,NNP
Geoffrey,NNP
Sandro,NNP
S√ºffert,NNP
Rachelle,NNP
c,VBD
7th,CD
suited,VBN
underrated,JJ
satisfies,NNS
cravings,NNS
*,VBP
^^,RB
Atrocious,NNP
booted,VBD
Dining,NNP
Elaine,NNP
wrongly,RB
Jaans,NNPS
Chloe,NNP
Toh,NNP
Christina,NNP
dimmer,NN
Walk,NNP
ins,VBZ
galletry,NN
Sugandi,NNP
Lin,NNP
overjoyed,VBD
Professional,NNP
Pasta,NNP
Erwin,NNP
frothy,JJ
springy,NN
RUDE,NNP
receipt,NN
mentions,NNS
separate,VBP
yummyyyy,$
69th,CD
Floor,NNP
Raffle,NNP
City,NNP
Building,NNP
ÍπÄÌòÑÏàò,NNP
NY,NNP
Cherie,NNP
invaluable,JJ
crisp,NN
Tartare,NNP
ü§∑üèª‚Äç‚ôÄÔ∏è,NNP
Â•ΩÂêÉÊ∞£Ê∞õÁæéÊúçÂãôÂ•Ω,NNP
non-vegetarian,JJ
whiskeys,NNS
ratings,NNS
amazing..,VBP
Vikram,NNP
Dhand,NNP
Flawless,NNP
ChengKai,NNP
Classy,NNP
outstandingly,RB
crowd,VBP
patronized,JJ
Forget,NNP
Guys,NNP
batter,NN
cheaper,JJR
distinguishes,NNS
Surprisingly,NNP
Moriawase,NNP
Another,DT
Thin,NNP
ended,VBD
attractions,NNS
Higher,RBR
luncheon,JJ
conventional,JJ
seem,NN
weaker,JJR
wth,NN
youd,VBP
Ken,NNP
Hoe,NNP
represented,VBD
Faultless,NNP
Okay,NNP
Turned,VBD
Shaun,NNP
preference,NN
changed,VBD
spices,NNS
Example,NNP
thai,NN
Indian,NNP
Thumb,NNP
Up,NNP
Host,NNP
bc,NN
meager,NN
Chic,NNP
View,NNP
gravy,JJ
Bate,NNP
listen,NN
baking,VBG
fussy,JJ
complicated,VBN
coherence,NN
changes,NNS
Worldwide,VBP
3pm,CD
waited,VBD
approached,VBN
Samsung,NNP
professionally,RB
attentively,RB
meticulously,RB
spread,JJ
evenly,RB
repeated,VBD
Googled,NNP
Bras,NNP
Basah,NNP
Complex,NNP
Lucky,NNP
filthy,NN
Wendy,NNP
son,NN
instagram,NN
posts,VBZ
waitresses,NNS
strawberry,VBP
diluted,VBN
ice,NN
pieces/,NN
B,NNP
C,NNP
November,NNP
accomodating,VBG
Classic,JJ
Raffles,NNP
tasteful,JJ
corporate,JJ
conservative,JJ
Jasmine,NNP
easily,RB
decoy,VBZ
Californian,JJ
answered,VBD
helping,VBG
failed,VBD
Several,JJ
six,CD
Joshua,NNP
appearance,NN
sorely,RB
artificial,JJ
costed,VBD
mee,JJ
pok,NN
color,NN
Crafty,NNP
haha,NN
approachable,JJ
cheesecake,NN
mighty,NN
Oddette,NNP
Tickets,NNP
Akelarre,NNP
matched,VBD
shine,JJ
Qing,NNP
Yuan,NNP
jack,NN
smoothies,NNS
Sit,NNP
J,NNP
tower,NN
frozen,JJ
Modern,NNP
presentations,NNS
mouthwatering,VBG
knows,NNS
panda,VBP
pre-meal,JJ
accordingly,RB
Brent,NNP
Soon,NNP
desk,NN
timely,RB
greet,JJ
Update,NNP
become,NN
1000+,CD
serviceüëçüòç,JJ
Pity,NNP
squeeze,NN
strangers,NNS
arms,NNS
length,VBP
virtually,RB
vice,NN
versa,RB
Unpretentious,NNP
no1,MD
ranking,VBG
hers,NNS
..both,NNP
Roger,NNP
bright,VBD
Steve,NNP
memory,NN
Much,NNP
Too,NNP
anyway,RB
foodies,VBZ
critics,NNS
purest,JJ
kinds,NNS
hawker,VBP
stall,JJ
street,NN
wandered,VBD
greeted,JJ
snag,NN
Hann,NNP
congratulations,NNS
buddies,NNS
Flavors,NNP
timeless,NN
equals,NNS
inventiveness,NN
runs,VBZ
garnishing,VBG
Fuss,NNP
Weiming,NNP
toppings,NNS
existent,NN
BEST,NNP
award,NN
winning,VBG
Kampot,NNP
Pepper,NNP
Crusted,NNP
Pigeon,NNP
unforgetable.Apart,JJ
delicious.Every,NN
surpise,NN
was-,JJ
Richard,NNP
tiny,JJ
Offering,NNP
titles,NNS
Umami,NNP
renovation,NN
Starred,NNP
Koen,NNP
meantime,RB
Dutch,NNP
pastry,NN
recipes,NNS
ahem,VBP
Bossche,NNP
Ballen,NNP
refuse,NN
strip,NN
covering,VBG
regarding,VBG
assist,JJ
preferences,NNS
mingle,VBP
characteristics,NNS
fuse,VBP
hometown,JJ
Wasnt,NNP
ÁæéÂë≥„ÅÑ„ÄÅÂÆâ„ÅÑ,NNP
Romantic,NNP
Tina,NNP
partial,JJ
abalone,NN
educate,NN
teach,NN
manners,NNS
24,CD
September,NNP
dearest,JJS
Besides,IN
dedication,NN
hosts,NNS
Huijia,NNP
Give,NNP
Nordic,NNP
Filthy,NNP
Sorry,NNP
whoever,WDT
üò≥,NNP
Half,NNP
excellence,NN
Â•ΩË¥µ,NNP
barrage,NN
suntec,JJ
Couldn,NNP
giving,VBG
Rough,NNP
Serene,NNP
Secret,NNP
Night,NNP
foodie,NN
Bilbao,NNP
San,NNP
Sebasti√°n,NNP
Azzumundi,NNP
Berasategui,NNP
glutinous,JJ
fours,NNS
returned,VBD
timing,VBG
Ling,NNP
Francisco,NNP
coastal,NN
fishing,NN
watermelon,NN
tartar,NN
Ee,NNP
Chong,NNP
È§êÈªûÊñ∞Â•áÂèäÁæéÂë≥ÂèØÂè£,NNP
linger,NN
CUTin,NNP
Dubai,NNP
Benjamin,NNP
sheer,NN
Whats,NNP
Cooked,NNP
sakura,NN
Tender,NNP
midnight,NN
Mian,NNP
Ying,NNP
mid-October,JJ
best..,NN
meatless,NN
Vegan,NNP
thou,VBZ
Won,NNP
exploding,VBG
mouths,NNS
Bring,NNP
staters,NNS
Al,NNP
Live,NNP
act,NN
hald,NN
Outdoor,NNP
cater,NN
gift,NN
lives,VBZ
billing,VBG
Worlds,NNP
dynamic,JJ
Devon-born,JJ
oldest,JJS
alley,NN
Remarkable,JJ
aspect,NN
unlimited,JJ
entertainment,NN
F,NNP
budgets,NNS
shame,VBP
Amuse-bouches,NNP
branch,NN
original,JJ
Los,NNP
Angeles,NNP
cent,NN
oclock,NN
Courses,NNP
complements,VBZ
post-dessert,JJ
Def,NNP
.definitely,RB
lighting,VBG
sampling,VBG
Skip,NNP
gain,NN
4-person,JJ
impressing,NN
clients,NNS
pours,VBP
BTW,NNP
Kiev,NNP
earliest,JJS
picture,NN
admit,NN
Vietnam,NNP
coloured,VBD
Des,NNP
go√ªts,NN
hors,NNS
du,VBP
commun,JJ
Cheaper,NNP
Gabe,NNP
picking,VBG
yeah,RB
impossible,JJ
bolognese,JJ
insightful,JJ
appallingly,RB
established,VBN
Warning,NNP
300-,JJ
500,CD
pedestrians,NNS
intending,VBG
cheapest,JJS
Renny,NNP
lovely..,NN
order..,NN
salad..,NN
average..,IN
Daring,NNP
Fatastic,NNP
¬£¬£¬£,NNP
immaculately,RB
select,VBP
hits,NNS
shao,VBP
bing,VBG
Terrible,NNP
sticked,VBD
üçîüòç,NNP
bumpy,VBD
Cuy,NNP
3stars,CD
meets,NNS
Jahn,NNP
restructured,VBD
forms,NNS
bistro,VBP
silver,RB
Main,NNP
utterly,JJ
Feel,NNP
recommendable,JJ
children,NNS
games,NNS
i.,VBP
bearing,VBG
age,NN
Excelente,NNP
lugar,NN
Gorgonzola,NNP
Balanced,NNP
moaning,VBG
involuntarily,RB
smiling,VBG
progression,NN
Overhyped,NNP
r,NN
nt,NN
arrangement,NN
favor,NN
stelle,VBP
Various,NNP
walked,VBD
bellies,NNS
faces,VBZ
breathes,NNS
glorious,JJ
sexy,JJ
Magnificent,NNP
Truely,NNP
Minimum,NNP
45mins,CD
gluten,NN
sounds,VBZ
materials,NNS
shrimps,NNS
Minus,NNP
stable,JJ
ÂÆâÂÆö„ÅÆÁæéÂë≥„Åó„Åï„Åß„Åô„ÄÇ,NN
raining,VBG
stayed,VBN
odetterestaurant,JJ
FOH,NNP
ball,NN
unsatisfactory,JJ
Twice,NNP
meaning,NN
D,NNP
150-200,CD
differ,NN
158,CD
sgd++,NN
hen,NN
dished,VBD
stellar,JJ
means,NNS
Pefect,VBP
altough,IN
Nevertheless,NNP
individual,JJ
furnishings,NNS
safely,RB
against,IN
Hight,NNP
„ÅäËÇâ„Åå„Å®„Å¶„ÇÇ„ÇÑ„Çè„Çâ„Åã„Åè„Å¶„Åä„ÅÑ„Åó„ÅÑ„ÄÇ,NNP
breathtaking,VBG
prok,NN
Before,IN
Feb2019,NNP
mangalica,NN
Fancy,NNP
overdone,RB
distorted,VBD
disaster,NN
matching,VBG
spotty,JJ
40,CD
refused,VBD
amuse,NN
bouche,NN
site,NN
Correct,NNP
atomsphere,RB
fixed,VBD
Exzellent,NNP
90-120,CD
Meats,NNP
contains,VBZ
3-7,JJ
basics,NNS
fulfilling,VBG
~,NNP
Enough,NNP
grilling,VBG
verything,VBG
unimaginative,JJ
Tomato,NNP
Glass,NNP
quarter,NN
creme,NN
br√ªl√©e,NN
Odette..,NNP
down..,NN
‚ò∫,NNP
Kirks,NNP
taster,NN
Crowded,VBD
ambience-,JJ
firsts,NNS
charmer,VBP
potterhouse,IN
kale,JJ
5üåü,CD
+1‚≠ê,JJ
award-winning,JJ
Bleu,NNP
characteristically,RB
walnut,VBP
raisin,NN
marmalade,NN
bleu,NN
centre,JJ
Ginet,NNP
crisped,VBD
happily,RB
Eaten,NNP
Immense,NNP
flavoursome,NN
Yukon,NNP
gold,NN
performed,VBD
savvy,JJ
Vegetarian,NNP
Weve,NNP
Hollywood,NNP
Boulevard,NNP
zoo,NNP
arrival,NN
L.A.,NNP
candle,JJ
Acts,NNP
Everyone,NNP
expects,VBZ
Pacing,VBG
marble,JJ
flavouring,VBG
brulee,NN
covered,VBD
sugar,JJ
svc,NN
breadsticks,NNS
Seafood,NNP
clothes,NNS
Brilliant,NNP
comming,VBG
Spectacular,NNP
Buns,NNP
terrible..,NN
subpar,NN
merely,RB
awefull,JJ
youngest,JJS
child,NN
ensured,VBD
met,VBD
mixed,JJ
guide,RB
56,CD
Salad,NNP
too8,RB
awkward,RB
apply,VB
Nero,NNP
davolo,NN
accommodated,VBD
Orman,NNP
choc,NN
block,NN
busy-,JJ
Yay,NNP
quesadillas,NN
mr,NN
heavenly,RB
craving,VBG
Popping,VBG
Far,NNP
Fat,NNP
Duck,NNP
tops,VBZ
Attica,NNP
margin,NN
Worst,NNP
smells,VBZ
dripping,VBG
anf,JJ
Cost,NNP
13,CD
disgraceful,JJ
Unsurprisingly,RB
Affordable,JJ
one-for-one,JJ
sides/milkshakes,NNS
deals,NNS
üëåüèΩ,VBP
Constantly,NNP
Milkshakes,NNP
toughness,NN
Sam,NNP
Christine,NNP
Dine,NNP
greatest,JJS
costs,NNS
texture.All,VBP
chit,VB
chat,WP
plum,NN
gin,NN
chewy,NN
significantly,RB
Clearly,NNP
training,VBG
Hour,NNP
arrive,JJ
lunchtime,NN
norm,NN
Pullman,NNP
Thailand.The,NNP
Creamy,NNP
crescenza,NN
strips,NNS
bun.A,VBP
la,JJ
carte,NN
++.The,NNP
Ricotta,NNP
Cappellini,NNP
intense,JJ
fianc√©e,NN
strongly,RB
930pm,CD
popularity,NN
Third,NNP
waive,JJ
corkage,NN
purchased,VBD
Fully,RB
18th,CD
commended,VBD
exclusively,RB
men,NNS
steep,VBP
manageable,JJ
seen,VBN
marriage,NN
indian,JJ
interested,JJ
pointed,VBD
ignoring,VBG
gastronmy,NN
experts,NNS
Wasted,VBD
taxi,JJ
fares,NNS
foward,VBP
town..they,NNS
guaranteed,VBP
mr.,VBZ
Puck..the,NNP
great..the,NNP
eventhough,IN
it..it,NN
penny..it,NN
proud,JJ
western,JJ
deffinently,RB
sea,VBP
urchin,JJ
reduced,VBN
substance,NN
perched,VBD
Indonesian,JJ
islands,NNS
lights,NNS
blu,VBP
clam,JJ
chowder,NN
Bel,NNP
posto,NN
mangiato,NN
bene,NN
Bar,NNP
Roll..,NNP
greeting,VBG
milestone,NN
Wagyu‚ô°,NNP
These,DT
Wish,NNP
MOST,NNP
HORRID,NNP
DINING,NNP
EXPERIENCE,NNP
blackmore,VBD
Muy,NNP
Chocoliente,NNP
winners,NNS
kick,VBP
Received,VBN
daughter,RB
meaningful,JJ
luxurious,JJ
celebrations,NNS
aniversary,JJ
straff,JJ
Recent,NNP
Finely,NNP
Nuanced,NNP
outrageous,JJ
stop,NN
wolfgang,NN
swear,JJ
gimmicks,NNS
fuss,VBP
painstaking,VBG
overdue,JJ
hommage,NN
accent,JJ
ballet,NN
rareÁúüjuicy,NN
deservingly,RB
Cinnabun,NNP
cinnamon,NN
delivers,NNS
profile,VBP
Bacon,NNP
store,NN
Advanced,NNP
Honeymoon,NNP
chillax,VBD
popular,JJ
primitive,JJ
brain,NN
relativized,VBN
pesky,IN
Other,JJ
ingredientsüëçüëç,JJ
sharper,JJ
lead,NN
over-expectation,NN
quail,NN
stinky,NN
related..,VBD
400sgd++,CD
ËÇâËÇâ„Åó„ÅÑ„Éè„É≥„Éê„Éº„Ç¨„Éº„ÅåÈ£ü„Åπ„Åî„Åü„ÅàÊúâ„Çä,NNP
museum,NN
Has,NNP
Aged,VBN
London,NNP
Above,NNP
stiff,NN
indescribable,JJ
realize,NN
Sirloin,NNP
halal,NN
handmade,NN
tagliatelle,NN
offerings,NNS
focaccia,VBP
scoop,JJ
gorgeously,RB
Dry,NNP
longhorn,NN
Souffle,NNP
serious,JJ
alaskan,JJ
kaya,NN
Marvelous,NNP
Arent,NNP
ex,NN
haunt,NN
onboard,NN
pigs,NNS
nuris,JJ
capitol,JJ
experience-,JJ
caliber,NN
apart,RB
Contrary,NNP
fed,VBD
preminum,JJ
reflect,NN
jokes,NNS
fortunately,RB
blend,VBP
dimmed,VBN
grossly,RB
buthers,NNS
friendliness,VBP
well-wishes,NNS
SEA,NNP
terrific,NN
additions,NNS
80,CD
tell,VBP
Calister,NNP
marketgrill.com.sg,NN
flavoring,VBG
historically,RB
district,NN
Telok,NNP
Ayer,NNP
old-style,JJ
butcheries,NNS
robust,VBP
Through,IN
doors,NNS
haven,RB
La,NNP
service-,JJ
blessed,VBD
gifted,JJ
generation,NN
Alaska,NNP
lastly,RB
Normally,RB
LOVED,NNP
Y,NNP
Overwhelming,NNP
ring,VBG
badly,RB
breading,VBG
flavourless,NN
Australia,NNP
Guess,NNP
AMAZINGGGG,NNP
2michellin,CD
considered,VBD
Accommodating,NNP
efficient,JJ
non,RB
Visiting,VBG
experiencing,VBG
treatment,NN
insurmountable,JJ
understandable,JJ
elaborated,VBN
explosion,NN
Luxe,NNP
Opened,NNP
celebrity,NN
impresses,VBZ
swanky,JJ
entice,NN
saving,VBG
affair‚Äîtheir,JJ
Wolf,NNP
River,NNP
puck,NN
2014,CD
heat,NN
insanely,RB
Pappa,NNP
Definately,NNP
hahaha,NN
gougere,RB
2*,CD
petits,NNS
gorgonzola,VBP
Opens,VBZ
24hrs,CD
countkess,NN
Jalape√±o,NNP
def,VBZ
1.30,CD
Dean,NNP
11.30am,CD
‚Äì,VBD
2.30pm,CD
Mon-Sat,NNP
Sun,NNP
1.30pm,CD
investigate,NN
causing,VBG
inconvenience,NN
Housed,VBD
discreet,NN
melt,NNS
voluminous,JJ
clerk,JJ
descent,NN
Somewhat,NNP
Sling,NNP
oyster,JJ
suck,NN
juice,NN
moderately,RB
lover..,JJ
music..,NN
ta,NN
LM,NNP
miles,NNS
Island,NNP
state,NN
fanatics,NNS
export,VBP
faithfully,RB
replicated,VBN
adhered,VBD
Refined,VBN
prettily,RB
alluring,VBG
Wished,NNP
splashing,VBG
calories,NNS
665,CD
Portobello,NNP
Michilin,NNP
Eat,NNP
guinea,NN
bernaise,NN
Bone,NNP
jus,NN
beef/lamb/pork,NN
fowl,NN
hanging,VBG
ornaments,NNS
curtains,VBZ
salsa,JJ
English,NNP
personalized,VBD
Deluxe,NNP
Petfect,NNP
2-Michelin,JJ
pine,NN
T-bone,CD
‚ô¨‚ô¨,NNP
crazy,JJ
permanent,JJ
yo,NN
pain,NN
Fairly,NNP
awsome,JJ
Looks,NNP
lobbie,NN
providing,VBG
non-intrusive,JJ
theyd,JJ
9/10,CD
internet,NN
sistery,NN
whom,WP
diversity,NN
restauranta,VBP
3am,CD
Turns,NNP
1am,CD
appetizers,NNS
unfortunate,JJ
enviroment,JJ
.Cosy,JJ
Exceptionnel,NNP
Thursday,NNP
tickets,VBZ
Matilda,NNP
730pm,CD
Did,NNP
nite,RB
morning,NN
ran,JJ
stock,NN
Ended,VBD
Sometimes,RB
mall,JJ
afterall,NN
ground,NN
entry,NN
navigate,NN
giant,NN
Uncle,NNP
cows,VBZ
28th,CD
Mussle,NNP
le,NN
Creuset,NNP
source,NN
Kept,NNP
Satisfied,NNP
women,NNS
cups,VBD
alcohol,RB
250,CD
Oysters,NNS
appears,VBZ
temperatures,NNS
royalty,NN
Underwhelmed,NNP
deceptively,RB
acceptable,JJ
Filter,NNP
literally,RB
unfavorful,JJ
factory,NN
pre-fried,JJ
shallots,NNS
rebus,VBP
bacon-ey,JJ
Snake,NNP
river,NN
farm,NN
Mini,NNP
hotdog,NN
skinny,NN
Unexpected,VBD
undercook,JJ
residual,JJ
flour,NN
arrogant,JJ
sgp..,NN
said..,NN
hidden,NN
inviting,VBG
trendy,JJ
cafeteria,NNS
unbelievable,JJ
waiters/waitress,JJ
French-Asian,JJ
greetings,NNS
leather,RBR
Cheesy,NNP
Attack,NNP
Utterly,NNP
Wash,NNP
beloved,VBD
barramundi,JJ
sword,NN
operate,NN
Amongst,NNP
country,NN
befitting,VBG
conferred,JJ
exhibit,NN
ton,NN
dozen,NN
kids,NNS
specialty,NN
grown,VBN
ups,JJ
devour,NN
2x,CD
vote,NN
supper,JJR
teenage,NN
boys,NNS
exemplified,VBD
Chiliean,JJ
instagram-worthy,JJ
Unlike,NNP
Louvre,NNP
Paris,NNP
watched,VBD
Mona,NNP
Lisa,NNP
equivalent,JJ
bombs~,NN
preferred,VBD
dated,JJ
ending,VBG
Melting,VBG
JMT,NNP
lily,RB
Superior,NNP
tossed,VBD
tangy,JJ
similarities,NNS
surpassed,VBD
Stopped,NNP
binance,NN
conference,NN
rubbing,VBG
advertised,VBD
Though,NNP
weak,JJ
b4,NN
Jkjk,NNP
Disappointment,NNP
Overcooked,VBD
330,CD
ribeyes,NNS
impersonal,JJ
hostess,NN
mustard,RB
thrown,JJ
Same,NNP
impecable,JJ
Froet,NNP
Employees,NNP
chilled,VBD
abundant,JJ
temperatured,JJ
mouthful,NN
Among,IN
edition,NN
rum,NNS
Jamaican,NNP
alternative,JJ
scotch,NN
steak..,NN
before..,NN
anywhere..,NN
‚Å¶üëåüèº‚Å©,NNP
couples,VBZ
Home,NNP
Quesadillas,NNP
Wheelchair,NNP
Easy,NNP
Parking,NNP
prinsep,NN
üôå,NNP
consider,VB
2.5,CD
dramatic,JJ
YUM,NNP
Bucket,NNP
material,NN
House,NNP
Vined,VBD
Grappas,NNP
musky,JJ
weekends,NNS
scramble,JJ
fruit,NN
create,NN
marks,NNS
nikpick,JJ
Welcome,NNP
farewell,NN
gifts,NNS
truely,RB
Kopitam,NNP
Local,NNP
boil,NN
Kaya,NNP
coconut,NN
jam,NN
2.50,CD
Or,CC
passersby,VB
ethical,JJ
Pucks,NNP
bow,NN
Lobster-,NNP
üíï,NNP
Sublime,NNP
indoor,NN
Odd,NNP
shape,NN
more..,NN
consist,NN
pie,NN
hes,NNS
sweets,NNS
surf,VBP
turf,JJ
all..,NN
island,NN
sinful,JJ
TYPE,NNP
SIGNATURE,NNP
DISH,NNP
Sliders,NNP
MY,NNP
FAVOURITE,NNP
CW,NNP
Cod,NNP
arw,VBZ
upsized,JJ
absorbed,VBD
78,CD
coated,VBN
cover,NN
proportion,NN
üåæüíöüåø,VBD
2michelinstars,CD
d√©cor,NN
uses,NNS
straw,VBP
tall,JJ
coherent,NN
frankness,NN
fallen,VBN
Sitting,NNP
stools,NNS
cooks,RB
Limited,NNP
registration,NN
questionable,JJ
nonetheless,RB
Latte,NNP
books,NNS
life-changing,JJ
dislike,NN
champagnes,NNS
inside..but,VBP
days~,JJ
redefine,NN
receive,VBP
reservatiin,NN
Snow,NNP
cup,VBZ
alaska,JJ
bravas,NN
Guest,NNP
DJs,NNP
earthly,RB
reckon,VBD
restaraunts,NNS
16,CD
Aussie,NNP
8-,JJ
operates,NNS
assorted,VBD
catered,JJ
henceforth,NN
suspect,JJ
e.g,RB
mysterious,JJ
gotten,NNS
tube,VBP
choco,JJ
German,JJ
K,NNP
Hamburger,NNP
pasty,JJ
spongie,NN
loaf,NN
Hiroshi,NNP
Fujiwara,NNP
„Ää,NNP
„Äã‚ú®,NNP
‚ú®best,NNP
MichelinÔºÅ,NNP
üëâüèª,VBD
75singapore,CD
üá∏üá¨,NNP
‚òòÔ∏èüç¥üåé,NNP
„ÄÇ,NNP
fillet,NN
melting,VBG
Appetizers,NNP
amazing‚Ä¶,NN
AND,NNP
late-night,JJ
drink‚Ä¶,NN
Downtown,NNP
MRT,NNP
Rocher,NNP
Station,NNP
Hakushu,NNP
Simple,NNP
layered,VBD
complexities,NNS
3+,CD
Disneyland,NNP
ride,NN
Shouldnt,NNP
Ok,NNP
Others,NNP
Mixed,NNP
idea,NN
Lots,NNP
bartenders,NNS
Southeast,NNP
gourmet,VBD
en,FW
ÁæéÂë≥„Åó„Åã„Å£„Åü,NNP
minimalistic,JJ
refreshingly,RB
Wonderfully,NNP
unobtrusive,JJ
Delightfully,NNP
Private,NNP
excperience,NN
„Éü„Ç∑„É•„É©„É≥Êòü‰ªò„Åç„ÅÆ„É¢„ÉÄ„É≥„Éï„É¨„É≥„ÉÅ„Çâ„Åó„ÅÑ„ÄÇ,NNP
Som,NNP
Cool,NNP
beige,NN
themed,VBD
utensils,JJ
pacing,VBG
gastropub,NN
smoothie,NN
jug,NN
aptly,RB
Pro,NNP
SGD375,NNP
Easter,NNP
tonic,VBD
27.10,CD
bulky,NN
228,CD
iirc,NN
288,CD
prix,NN
fixe,NN
astonished,VBD
sends,NNS
heaven.Best,JJS
homemade,JJ
forth,NN
countries,NNS
Africa,NNP
Kanonkop,NNP
Sauer,NNP
fishy-tasting,JJ
mince,NN
critic,JJ
open-concept,JJ
Good-quality,NNP
Sundays,NNP
grp,NN
hefty,NN
Breakfast,NNP
allergy,RB
meticulous,JJ
Coupled,NNP
comprehensive,JJ
stress,NN
Refine,NNP
Europe,NNP
Impressive,NNP
weekdays,VBZ
Lounge,NNP
fritters,NNS
sommellier,VBP
permits,NNS
Buggis,NNP
10min,CD
buggis,NN
Ottima,NNP
cena,NN
teriible,JJ
pretzels,NNS
Î∂ÑÏúÑÍ∏∞Ï¢ãÍ≥†,VBP
ÎßõÏûàÍ≥†,JJ
ÏÑúÎπÑÏä§ÎèÑ,NNP
ÌõåÎ•≠Ìï©ÎãàÎã§,NNP
700,CD
stream,NN
must-try,NN
owners,NNS
recipe,VBP
2016,CD
Are,NNP
Juliens,NNP
7/23/2018,CD
One-star,NNP
trio,NN
sample,NN
Char-Grilled,NNP
serviceüëçüëçüëç,NN
stronger,JJR
casualness,JJ
tax,NN
excl,NN
openness,NN
honesty,NN
institution,NN
JR.,NNP
semifreddo,VBZ
humongous,JJ
fans,NNS
1/3,CD
celebrities,NNS
package,VBP
Musical,JJ
strength/weak,NN
latte,NN
.deserts,NNS
Harry,NNP
Marie,NNP
needless,NN
Rich,NNP
celiac,VBZ
disease,NN
Know,NNP
3.25,CD
Proclaimed,NNP
disagree,JJ
sentence,NN
Cocktail,NNP
Throughout,NNP
old-brown,JJ
frise,NN
mu,NN
loose,JJ
stool,NN
pastrami,NN
pushing,VBG
sell,VB
Michelinstar,NNP
ÂíåÁâõ„Åß„ÅØ„Å™„Åè„Å®„ÇÇ„Éª„Éª„Éª,NNP
Playing,NNP
rock,NN
5ÂàÜÁÜüÁöÑÊó•Êú¨ÁâõÊéíÁÆÄÁõ¥Â•ΩÂêÉÂà∞È£û,CD
Hamburgers,NNP
grass,NN
wolves,NNS
study,VBP
degree,JJ
noticeable,JJ
difference,NN
dry-aged,JJ
wet-aged,JJ
moisture,NN
Ginett,NNP
Michellin,NNP
FOX,NNP
Sports,NNP
channel,NN
lettuce/tomato/onion,NN
abt,IN
heartwarming,VBG
chillout,NN
Gourmet,NNP
Kobe,NNP
astronomical,JJ
ditto,NN
read,NN
MALT,NNP
customizable,JJ
dissolved,VBD
burget,NN
amszing,NN
enquired,JJ
procedure,NN
deduction,NN
settlement,NN
7.02pm,CD
lousy,JJ
cola,NN
Miyazaki,NNP
Flavorful,NNP
virgin,NN
filipino,NN
familys,VBP
Havent,NNP
comment,NN
criticism,NN
eulogy,NN
A5,NNP
students,NNS
Unflavourful,JJ
Poor,NNP
Baked,NNP
garnish,JJ
Passable,NNP
Quiet,NNP
Malt,NNP
adorable,JJ
includes,VBZ
hotdogs,JJ
dip-,JJ
Housepour,NNP
Loving,NNP
ÎßõÎÇ©ÎãàÎã§,NNP
Î∂ÑÏúÑÍ∏∞,NNP
Ï¢ãÍµ¨Ïöî,NNP
swap,NN
spite,NN
goodwill,NN
scam,VBD
tthe,JJ
bought,NN
MAC,NNP
okok,NNP
opposite,JJ
horse,NN
checkbook,NN
Faces,NNP
Buenas,NNP
hamburguesas,NN
Caras,NNP
Veg,NNP
1k+,CD
pisses,NNS
seemed,VBD
charging,VBG
290,CD
Cuts,NNP
softer,NN
Walked,VBD
disturbed,JJ
hardly,RB
beside,JJ
voice,NN
shouldnt,VBD
social,JJ
wondering,VBG
1-,JJ
record,NN
340g,CD
unusually,RB
unappetising,JJ
Absolute,NNP
cote,NN
beouf,NN
Seating,NNP
inwards,NNS
Groups,NNP
bigger,JJR
irritated,JJ
annoyed,VBD
booze,JJ
housepour,JJ
Cup,NNP
viewing,VBG
bun/bread,JJ
bark,NN
kfc,NN
Josh,NNP
Brown,NNP
Bang,NNP
buck,VBD
Creamed,NNP
gagged,VBD
Lastly,NNP
access,NN
55th,CD
switch,NN
lifts,NNS
minor,JJ
turn-off,JJ
breath-taking,NN
flavorless,NN
Tiny,NNP
leaf,NN
pickle,NN
tenders,NNS
interest,NN
certain,JJ
barman,NN
swore,VBD
breath,NN
STEAKHOUSE,NNP
EVER,NNP
TRY,NNP
Rude,NNP
families,NNS
Difficult,NNP
knife,VBD
cld,JJ
ons,NNS
onions/mushrooms/bacon/all,VBP
23,CD
jalapeno,JJ
accurate,NN
justified,VBD
frustrating,JJ
faultless,JJ
sandwiches,NNS
gd,VBP
Firstly,RB
brioche-type,JJ
espresso,NN
Hibiki,NNP
Harmony,NNP
26,CD
6-8pax,JJ
Awsome,NNP
unwind..,NN
hectic,JJ
day/week,NN
Upmarket,NNP
pricetags,VBZ
tarter,NN
extras,NNS
11am,CD
represents,VBZ
Beers,NNS
Shop,NNP
üá¶üá∫,NNP
say..,JJ
unsure,NN
bet,VBD
deg,JJ
no-fuss,JJ
playing,VBG
do-it-yourself,JJ
reality,NN
excelent,NN
australian,JJ
firm,NN
"1,200",CD
recomended,VBD
30-50,CD
vibrant,NN
housed,VBD
plc,JJ
designer,NN
btw,VBD
surface,NN
wee,NN
Theyve,NNP
Sensational,NNP
wrote,VBD
500+,CD
grain,NN
BMS,NNP
8+,CD
ang,NN
mohs,NN
Asians,NNPS
joking,VBG
Pattie,NNP
Itll,NNP
speed,VBD
inexpensive,JJ
write,JJ
destinations,NNS
managers,NNS
tight,RB
zealous,JJ
marbling,VBG
ahh,JJ
Cute,NNP
broccolini,NN
closer,NN
ignored,VBD
Impossible,JJ
dearly,RB
One-for-one,NNP
Reminded,NNP
run,NN
businesses,NNS
box,VBP
ticked,VBN
boo-boo,JJ
atone,NN
specializes,VBZ
switched,VBN
format,JJ
coke,NN
destination,NN
Yupe,NNP
NYC,NNP
soom,NN
dared,VBD
Brewed,NNP
awesome~,IN
ni,JJ
stone..,NN
it..,NN
burguers,NNS
thumbs,VBP
Toast,NNP
imported,JJ
Requires,NNP
afford,NN
Sparkling,VBG
siding,VBG
darn,JJ
heartily,JJ
collection,NN
38,CD
entree,JJ
deserts,NNS
Theatre,NNP
shops,NNS
gossip,VBP
passing,VBG
perfected,VBD
two-course,JJ
70++,CD
Obviously,RB
Might,NNP
martinis,NN
Rocking,NNP
playlist,NN
üòê,NNP
marbled,VBD
malt,NN
amazing~,JJ
Celebrity,NNP
over-hyped,JJ
charges,NNS
CUTS,NNP
im,JJ
comparision,NN
chopped,VBD
Huber,NNP
payment,NN
burger..,NN
reasonable..,NN
purpose,JJ
Wifi,NNP
lick,NN
fingers,NNS
washing,VBG
chains,NNS
resort,NN
spoon,NN
deconstruct,NN
breaks,NNS
Non,NNP
Seatings,NNP
squeezy,NN
cheeses,NNS
Saving,VBG
grace,NN
